[
  {
    "name": "theme_info",
    "theme_name": "A Concept",
    "theme_author": "A RoarTheme",
    "theme_version": "4.1.0",
    "theme_documentation_url": "https://support",
    "theme_support_url": "https://support.com"
  },
  {
    "name": "t:settings_schema.logo.name",
    "settings": [
      {
        "type": "image_picker",
        "id": "logo",
        "label": "t:settings_schema.logo.settings.logo.label"
      },
      {
        "type": "image_picker",
        "id": "white_logo",
        "label": "t:settings_schema.logo.settings.white_logo.label",
        "info": "t:settings_schema.logo.settings.white_logo.info"
      },
      {
        "type": "range",
        "id": "logo_width",
        "min": 40,
        "max": 400,
        "step": 5,
        "default": 100,
        "unit": "px",
        "label": "t:settings_schema.logo.settings.logo_width.label"
      },
      {
        "type": "header",
        "content": "t:settings_schema.logo.settings.header__mobile.content"
      },
      {
        "type": "image_picker",
        "id": "logo_mobile",
        "label": "t:settings_schema.logo.settings.logo_mobile.label"
      },
      {
        "type": "image_picker",
        "id": "white_logo_mobile",
        "label": "t:settings_schema.logo.settings.white_logo_mobile.label"
      },
      {
        "type": "range",
        "id": "logo_width_mobile",
        "min": 40,
        "max": 200,
        "step": 5,
        "default": 100,
        "unit": "px",
        "label": "t:settings_schema.logo.settings.logo_width_mobile.label",
        "info": "t:settings_schema.logo.settings.logo_width_mobile.info"
      },
      {
        "type": "header",
        "content": "t:settings_schema.logo.settings.header__favicon.content"
      },
      {
        "type": "image_picker",
        "id": "favicon",
        "label": "t:settings_schema.logo.settings.favicon.label",
        "info": "t:settings_schema.logo.settings.favicon.info"
      }
    ]
  },
  {
    "name": "t:settings_schema.colors.name",
    "settings": [
      {
        "type": "header",
        "content": "t:settings_schema.colors.settings.header__general.content"
      },
      {
        "type": "color",
        "id": "color_text",
        "label": "t:settings_schema.colors.settings.color_text.label",
        "default": "#171717"
      },
      {
        "type": "color",
        "id": "color_background",
        "label": "t:settings_schema.colors.settings.color_background.label",
        "default": "#ffffff"
      },
      {
        "type": "color",
        "id": "color_highlight",
        "default": "#ffddbf",
        "label": "t:settings_schema.colors.settings.color_highlight.label"
      },
      {
        "type": "color",
        "id": "color_keyboard_focus",
        "default": "#0b61cd",
        "label": "t:settings_schema.colors.settings.color_keyboard_focus.label"
      },
      {
        "type": "color",
        "id": "color_shadow",
        "default": "#a8e8e2",
        "label": "t:settings_schema.colors.settings.color_shadow.label"
      },
      {
        "type": "color",
        "id": "color_image_background",
        "label": "t:settings_schema.colors.settings.color_image_background.label",
        "default": "#ffffff"
      },
      {
        "type": "header",
        "content": "t:settings_schema.colors.settings.header__products.content"
      },
      {
        "type": "color",
        "id": "color_price",
        "label": "t:settings_schema.colors.settings.color_price.label",
        "default": "#171717"
      },
      {
        "type": "color",
        "id": "color_sale_price",
        "label": "t:settings_schema.colors.settings.color_sale_price.label",
        "default": "#ef4444"
      },
      {
        "type": "color",
        "id": "color_sale_tag",
        "label": "t:settings_schema.colors.settings.color_sale_tag.label",
        "default": "#ef4444"
      },
      {
        "type": "color",
        "id": "color_sale_tag_text",
        "label": "t:settings_schema.colors.settings.color_sale_tag_text.label",
        "default": "#ffffff"
      },
      {
        "type": "color",
        "id": "color_rating",
        "label": "t:settings_schema.colors.settings.color_rating.label",
        "default": "#f59e0b"
      },
      {
        "type": "header",
        "content": "t:settings_schema.colors.settings.header__buttons.content"
      },
      {
        "type": "color",
        "id": "color_button_text",
        "label": "t:settings_schema.colors.settings.color_button_text.label",
        "default": "#ffffff"
      },
      {
        "type": "color",
        "id": "color_button_background",
        "label": "t:settings_schema.colors.settings.color_button_background.label",
        "default": "#171717"
      },
      {
        "type": "color_background",
        "id": "color_button_gradient",
        "label": "t:settings_schema.colors.settings.color_button_gradient.label"
      },
      {
        "type": "header",
        "content": "t:settings_schema.colors.settings.header__drawers.content"
      },
      {
        "type": "color",
        "id": "color_drawer_text",
        "label": "t:settings_schema.colors.settings.color_drawer_text.label",
        "default": "#171717"
      },
      {
        "type": "color",
        "id": "color_drawer_background",
        "label": "t:settings_schema.colors.settings.color_drawer_background.label",
        "default": "#ffffff"
      },
      {
        "type": "color",
        "id": "color_drawer_button_text",
        "label": "t:settings_schema.colors.settings.color_drawer_button_text.label",
        "default": "#ffffff"
      },
      {
        "type": "color",
        "id": "color_drawer_button_background",
        "label": "t:settings_schema.colors.settings.color_drawer_button_background.label",
        "default": "#171717"
      },
      {
        "type": "color_background",
        "id": "color_drawer_button_gradient",
        "label": "t:settings_schema.colors.settings.color_drawer_button_gradient.label"
      },
      {
        "type": "color",
        "id": "color_drawer_overlay",
        "label": "t:settings_schema.colors.settings.color_drawer_overlay.label",
        "default": "#171717"
      },
      {
        "type": "header",
        "content": "t:settings_schema.colors.settings.header__alerts.content"
      },
      {
        "type": "color",
        "id": "color_success_text",
        "default": "#4d7c0f",
        "label": "t:settings_schema.colors.settings.color_success_text.label"
      },
      {
        "type": "color",
        "id": "color_success_background",
        "default": "#f7fee7",
        "label": "t:settings_schema.colors.settings.color_success_background.label"
      },
      {
        "type": "color",
        "id": "color_error_text",
        "default": "#be123c",
        "label": "t:settings_schema.colors.settings.color_error_text.label"
      },
      {
        "type": "color",
        "id": "color_error_background",
        "default": "#fff1f2",
        "label": "t:settings_schema.colors.settings.color_error_background.label"
      },
      {
        "type": "color",
        "id": "color_info_text",
        "default": "#b45309",
        "label": "t:settings_schema.colors.settings.color_info_text.label"
      },
      {
        "type": "color",
        "id": "color_info_background",
        "default": "#fffbeb",
        "label": "t:settings_schema.colors.settings.color_info_background.label"
      }
    ]
  },
  {
    "name": "t:settings_schema.typography.name",
    "settings": [
      {
        "type": "header",
        "content": "t:settings_schema.typography.settings.header__headings"
      },
      {
        "type": "font_picker",
        "id": "type_header_font",
        "label": "t:settings_schema.typography.settings.type_header_font.label",
        "default": "poppins_n7"
      },
      {
        "type": "range",
        "id": "type_header_line_height",
        "label": "t:settings_schema.typography.settings.type_header_line_height.label",
        "default": 1.4,
        "min": 0.8,
        "max": 2,
        "step": 0.1
      },
      {
        "type": "range",
        "id": "type_header_spacing",
        "label": "t:settings_schema.typography.settings.type_header_spacing.label",
        "default": 0,
        "min": -75,
        "max": 250,
        "step": 5
      },
      {
        "type": "checkbox",
        "id": "type_header_capitalize",
        "label": "t:settings_schema.typography.settings.type_header_capitalize.label"
      },
      {
        "type": "header",
        "content": "t:settings_schema.typography.settings.header__body"
      },
      {
        "type": "font_picker",
        "id": "type_body_font",
        "label": "t:settings_schema.typography.settings.type_body_font.label",
        "default": "poppins_n5"
      },
      {
        "type": "range",
        "id": "type_body_size",
        "label": "t:settings_schema.typography.settings.type_body_size.label",
        "default": 16,
        "min": 12,
        "max": 40,
        "unit": "px"
      },
      {
        "type": "range",
        "id": "type_body_line_height",
        "label": "t:settings_schema.typography.settings.type_body_line_height.label",
        "default": 1.2,
        "min": 1,
        "max": 2,
        "step": 0.1
      },
      {
        "type": "range",
        "id": "type_body_spacing",
        "label": "t:settings_schema.typography.settings.type_body_spacing.label",
        "default": 0,
        "min": -75,
        "max": 250,
        "step": 5
      },
      {
        "type": "header",
        "content": "t:settings_schema.typography.settings.header__extras"
      },
      {
        "type": "select",
        "id": "type_navigation_font",
        "label": "t:settings_schema.typography.settings.type_navigation_font.label",
        "default": "body",
        "options": [
          {
            "value": "body",
            "label": "t:settings_schema.typography.settings.type_navigation_font.options__1.label"
          },
          {
            "value": "heading",
            "label": "t:settings_schema.typography.settings.type_navigation_font.options__2.label"
          }
        ]
      },
      {
        "type": "select",
        "id": "type_navigation_weight",
        "label": "t:settings_schema.typography.settings.type_navigation_weight.label",
        "default": "500",
        "options": [
          {
            "value": "400",
            "label": "t:settings_schema.global.settings.font_weight.options__1.label"
          },
          {
            "value": "500",
            "label": "t:settings_schema.global.settings.font_weight.options__2.label"
          },
          {
            "value": "700",
            "label": "t:settings_schema.global.settings.font_weight.options__3.label"
          }
        ]
      },
      {
        "type": "range",
        "id": "type_navigation_size",
        "label": "t:settings_schema.typography.settings.type_navigation_size.label",
        "default": 18,
        "min": 12,
        "max": 40,
        "unit": "px"
      },
      {
        "type": "checkbox",
        "id": "type_navigation_capitalize",
        "label": "t:settings_schema.typography.settings.type_navigation_capitalize.label"
      },
      {
        "type": "select",
        "id": "type_button_font",
        "label": "t:settings_schema.typography.settings.type_button_font.label",
        "default": "body",
        "options": [
          {
            "value": "body",
            "label": "t:settings_schema.typography.settings.type_button_font.options__1.label"
          },
          {
            "value": "heading",
            "label": "t:settings_schema.typography.settings.type_button_font.options__2.label"
          }
        ]
      },
      {
        "type": "select",
        "id": "type_button_weight",
        "label": "t:settings_schema.typography.settings.type_button_weight.label",
        "default": "500",
        "options": [
          {
            "value": "400",
            "label": "t:settings_schema.global.settings.font_weight.options__1.label"
          },
          {
            "value": "500",
            "label": "t:settings_schema.global.settings.font_weight.options__2.label"
          },
          {
            "value": "700",
            "label": "t:settings_schema.global.settings.font_weight.options__3.label"
          }
        ]
      },
      {
        "type": "range",
        "id": "type_button_size",
        "label": "t:settings_schema.typography.settings.type_button_size.label",
        "default": 18,
        "min": 12,
        "max": 40,
        "unit": "px"
      },
      {
        "type": "checkbox",
        "id": "type_button_capitalize",
        "label": "t:settings_schema.typography.settings.type_button_capitalize.label"
      },
      {
        "type": "select",
        "id": "type_product_font",
        "label": "t:settings_schema.typography.settings.type_product_font.label",
        "default": "body",
        "options": [
          {
            "value": "body",
            "label": "t:settings_schema.typography.settings.type_product_font.options__1.label"
          },
          {
            "value": "heading",
            "label": "t:settings_schema.typography.settings.type_product_font.options__2.label"
          }
        ]
      },
      {
        "type": "select",
        "id": "type_product_weight",
        "label": "t:settings_schema.typography.settings.type_product_weight.label",
        "default": "500",
        "options": [
          {
            "value": "400",
            "label": "t:settings_schema.global.settings.font_weight.options__1.label"
          },
          {
            "value": "500",
            "label": "t:settings_schema.global.settings.font_weight.options__2.label"
          },
          {
            "value": "700",
            "label": "t:settings_schema.global.settings.font_weight.options__3.label"
          }
        ]
      },
      {
        "type": "range",
        "id": "type_product_size",
        "label": "t:settings_schema.typography.settings.type_product_size.label",
        "default": 18,
        "min": 12,
        "max": 40,
        "unit": "px"
      },
      {
        "type": "checkbox",
        "id": "type_product_capitalize",
        "label": "t:settings_schema.typography.settings.type_product_capitalize.label"
      },
      {
        "type": "header",
        "content": "t:settings_schema.typography.settings.header__icons.content"
      },
      {
        "type": "range",
        "id": "icon_weight",
        "label": "t:settings_schema.typography.settings.icon_weight.label",
        "default": 1.5,
        "min": 1,
        "max": 2,
        "step": 0.1,
        "unit": "px"
      }
    ]
  },
  {
    "name": "t:settings_schema.layout.name",
    "settings": [
      {
        "type": "range",
        "id": "page_width",
        "min": 1000,
        "max": 2000,
        "step": 20,
        "default": 1600,
        "unit": "px",
        "label": "t:settings_schema.layout.settings.page_width.label"
      },
      {
        "type": "header",
        "content": "t:settings_schema.layout.settings.header__styling.content"
      },
      {
        "type": "select",
        "id": "rounded_button",
        "label": "t:settings_schema.layout.settings.rounded_button.label",
        "default": "square",
        "options": [
          {
            "value": "square",
            "label": "t:settings_schema.layout.settings.rounded_button.options__1.label"
          },
          {
            "value": "round-slight",
            "label": "t:settings_schema.layout.settings.rounded_button.options__2.label"
          },
          {
            "value": "round",
            "label": "t:settings_schema.layout.settings.rounded_button.options__3.label"
          }
        ]
      },
      {
        "type": "select",
        "id": "rounded_input",
        "label": "t:settings_schema.layout.settings.rounded_input.label",
        "default": "square",
        "options": [
          {
            "value": "square",
            "label": "t:settings_schema.layout.settings.rounded_input.options__1.label"
          },
          {
            "value": "round-slight",
            "label": "t:settings_schema.layout.settings.rounded_input.options__2.label"
          },
          {
            "value": "round",
            "label": "t:settings_schema.layout.settings.rounded_input.options__3.label"
          }
        ]
      },
      {
        "type": "select",
        "id": "rounded_swatch",
        "label": "t:settings_schema.layout.settings.rounded_swatch.label",
        "default": "round",
        "options": [
          {
            "value": "square",
            "label": "t:settings_schema.layout.settings.rounded_swatch.options__1.label"
          },
          {
            "value": "round-slight",
            "label": "t:settings_schema.layout.settings.rounded_swatch.options__2.label"
          },
          {
            "value": "round",
            "label": "t:settings_schema.layout.settings.rounded_swatch.options__3.label"
          }
        ]
      },
      {
        "type": "select",
        "id": "rounded_card",
        "label": "t:settings_schema.layout.settings.rounded_card.label",
        "default": "square",
        "options": [
          {
            "value": "square",
            "label": "t:settings_schema.layout.settings.rounded_card.options__1.label"
          },
          {
            "value": "round",
            "label": "t:settings_schema.layout.settings.rounded_card.options__2.label"
          }
        ]
      },
      {
        "type": "select",
        "id": "rounded_block",
        "label": "t:settings_schema.layout.settings.rounded_block.label",
        "default": "square",
        "options": [
          {
            "value": "square",
            "label": "t:settings_schema.layout.settings.rounded_block.options__1.label"
          },
          {
            "value": "round",
            "label": "t:settings_schema.layout.settings.rounded_block.options__2.label"
          }
        ]
      }
    ]
  },
  {
    "name": "t:settings_schema.animation.name",
    "settings": [
      {
        "type": "checkbox",
        "id": "enable_page_transition",
        "label": "t:settings_schema.animation.settings.enable_page_transition.label",
        "default": true
      },
      {
        "type": "checkbox",
        "id": "enable_lazy_image",
        "label": "t:settings_schema.animation.settings.enable_lazy_image.label",
        "default": true
      }
    ]
  },
  {
    "name": "t:settings_schema.buttons.name",
    "settings": [
      {
        "type": "select",
        "id": "buttons_hover",
        "options": [
          {
            "value": "standard",
            "label": "t:settings_schema.buttons.settings.hover.options__1.label"
          },
          {
            "value": "none",
            "label": "t:settings_schema.buttons.settings.hover.options__2.label"
          }
        ],
        "default": "standard",
        "label": "t:settings_schema.buttons.settings.hover.label"
      },
      {
        "type": "header",
        "content": "t:settings_schema.global.settings.header__border.content"
      },
      {
        "type": "range",
        "id": "buttons_border_thickness",
        "min": 0,
        "max": 12,
        "step": 1,
        "unit": "px",
        "label": "t:settings_schema.global.settings.thickness.label",
        "default": 2
      },
      {
        "type": "range",
        "id": "buttons_border_opacity",
        "min": 0,
        "max": 100,
        "step": 5,
        "unit": "%",
        "label": "t:settings_schema.global.settings.opacity.label",
        "default": 100
      },
      {
        "type": "header",
        "content": "t:settings_schema.global.settings.header__shadow.content"
      },
      {
        "type": "range",
        "id": "buttons_shadow_opacity",
        "min": 0,
        "max": 100,
        "step": 5,
        "unit": "%",
        "label": "t:settings_schema.global.settings.opacity.label",
        "default": 0
      },
      {
        "type": "range",
        "id": "buttons_shadow_horizontal_offset",
        "min": -12,
        "max": 12,
        "step": 2,
        "unit": "px",
        "label": "t:settings_schema.global.settings.horizontal_offset.label",
        "default": 0
      },
      {
        "type": "range",
        "id": "buttons_shadow_vertical_offset",
        "min": -12,
        "max": 12,
        "step": 2,
        "unit": "px",
        "label": "t:settings_schema.global.settings.vertical_offset.label",
        "default": 0
      }
    ]
  },
  {
    "name": "t:settings_schema.inputs.name",
    "settings": [
      {
        "type": "header",
        "content": "t:settings_schema.global.settings.header__border.content"
      },
      {
        "type": "range",
        "id": "inputs_border_thickness",
        "min": 0,
        "max": 12,
        "step": 1,
        "unit": "px",
        "label": "t:settings_schema.global.settings.thickness.label",
        "default": 2
      },
      {
        "type": "range",
        "id": "inputs_border_opacity",
        "min": 0,
        "max": 100,
        "step": 5,
        "unit": "%",
        "label": "t:settings_schema.global.settings.opacity.label",
        "default": 100
      }
    ]
  },
  {
    "name": "t:settings_schema.cards.name",
    "settings": [
      {
        "type": "select",
        "id": "card_style",
        "options": [
          {
            "value": "standard",
            "label": "t:settings_schema.cards.settings.style.options__1.label"
          },
          {
            "value": "card",
            "label": "t:settings_schema.cards.settings.style.options__2.label"
          }
        ],
        "default": "standard",
        "label": "t:settings_schema.cards.settings.style.label"
      },
      {
        "type": "text_alignment",
        "id": "card_text_alignment",
        "default": "left",
        "label": "t:settings_schema.global.settings.text_alignment.label"
      },
      {
        "type": "header",
        "content": "t:settings_schema.global.settings.header__border.content"
      },
      {
        "type": "range",
        "id": "card_border_thickness",
        "min": 0,
        "max": 24,
        "step": 1,
        "unit": "px",
        "label": "t:settings_schema.global.settings.thickness.label",
        "default": 0
      },
      {
        "type": "range",
        "id": "card_border_opacity",
        "min": 0,
        "max": 100,
        "step": 5,
        "unit": "%",
        "label": "t:settings_schema.global.settings.opacity.label",
        "default": 0
      },
      {
        "type": "header",
        "content": "t:settings_schema.global.settings.header__shadow.content"
      },
      {
        "type": "range",
        "id": "card_shadow_opacity",
        "min": 0,
        "max": 100,
        "step": 5,
        "unit": "%",
        "label": "t:settings_schema.global.settings.opacity.label",
        "default": 10
      },
      {
        "type": "range",
        "id": "card_shadow_horizontal_offset",
        "min": -40,
        "max": 40,
        "step": 2,
        "unit": "px",
        "label": "t:settings_schema.global.settings.horizontal_offset.label",
        "default": 0
      },
      {
        "type": "range",
        "id": "card_shadow_vertical_offset",
        "min": -40,
        "max": 40,
        "step": 2,
        "unit": "px",
        "label": "t:settings_schema.global.settings.vertical_offset.label",
        "default": 0
      }
    ]
  },
  {
    "name": "t:settings_schema.currency_format.name",
    "settings": [
      {
        "type": "header",
        "content": "t:settings_schema.currency_format.settings.header.content"
      },
      {
        "type": "paragraph",
        "content": "t:settings_schema.currency_format.settings.paragraph.content"
      },
      {
        "type": "checkbox",
        "id": "currency_code_enabled",
        "label": "t:settings_schema.currency_format.settings.currency_code_enabled.label",
        "default": false
      }
    ]
  },
  {
    "name": "t:settings_schema.swatches.name",
    "settings": [
      {
        "type": "textarea",
        "id": "swatch_config",
        "label": "t:settings_schema.swatches.settings.swatch_config.label",
        "info": "t:settings_schema.swatches.settings.swatch_config.info",
        "placeholder": "Red:#ff0000\nGreen:#00ff00\nBlue:#0000ff"
      },
      {
        "type": "header",
        "content": "t:settings_schema.swatches.settings.header.content"
      },
      {
        "type": "checkbox",
        "id": "swatch_image_tooltip",
        "label": "t:settings_schema.swatches.settings.swatch_image_tooltip.label",
        "default": true
      }
    ]
  },
  {
    "name": "t:settings_schema.products.name",
    "settings": [
      {
        "type": "select",
        "id": "product_image_ratio",
        "label": "t:settings_schema.products.settings.image_ratio.label",
        "default": "square",
        "options": [
          {
            "value": "adapt",
            "label": "t:settings_schema.products.settings.image_ratio.options__1.label"
          },
          {
            "value": "square",
            "label": "t:settings_schema.products.settings.image_ratio.options__2.label"
          },
          {
            "value": "portrait",
            "label": "t:settings_schema.products.settings.image_ratio.options__3.label"
          },
          {
            "value": "landscape",
            "label": "t:settings_schema.products.settings.image_ratio.options__4.label"
          },
          {
            "value": "wide",
            "label": "t:settings_schema.products.settings.image_ratio.options__5.label"
          }
        ]
      },
      {
        "type": "checkbox",
        "id": "product_image_fill",
        "default": false,
        "label": "t:settings_schema.products.settings.image_fill.label"
      },
      {
        "type": "checkbox",
        "id": "product_vendor",
        "default": false,
        "label": "t:settings_schema.products.settings.show_vendor.label"
      },
      {
        "type": "checkbox",
        "id": "product_secondary_image",
        "label": "t:settings_schema.products.settings.show_secondary_image.label",
        "default": false
      },
      {
        "type": "checkbox",
        "id": "product_rating",
        "default": false,
        "label": "t:settings_schema.products.settings.show_rating.label",
        "info": "t:settings_schema.products.settings.show_rating.info"
      },
      {
        "type": "checkbox",
        "id": "product_countdown",
        "default": true,
        "label": "t:settings_schema.products.settings.show_countdown.label",
        "info": "t:settings_schema.products.settings.show_countdown.info"
      },
      {
        "type": "checkbox",
        "id": "product_quick_add",
        "default": true,
        "label": "t:settings_schema.products.settings.enable_quick_add.label"
      },
      {
        "type": "checkbox",
        "id": "product_quick_view",
        "default": true,
        "label": "t:settings_schema.products.settings.enable_quick_view.label",
        "info": "t:settings_schema.products.settings.enable_quick_view.info"
      },
      {
        "type": "header",
        "content": "t:settings_schema.products.settings.header__color_swatches.content"
      },
      {
        "type": "checkbox",
        "id": "product_color_swatches",
        "default": true,
        "label": "t:settings_schema.products.settings.enable_color_swatches.label"
      },
      {
        "type": "range",
        "id": "product_max_color_swatches",
        "min": 1,
        "max": 6,
        "step": 1,
        "label": "t:settings_schema.products.settings.max_color_swatches.label",
        "default": 4
      },
      {
        "type": "select",
        "id": "product_color_swatch_type",
        "options": [
          {
            "value": "file",
            "label": "t:settings_schema.products.settings.color_swatch_type.options__1.label"
          },
          {
            "value": "variant",
            "label": "t:settings_schema.products.settings.color_swatch_type.options__2.label"
          }
        ],
        "default": "file",
        "label": "t:settings_schema.products.settings.color_swatch_type.label",
        "info": "t:settings_schema.products.settings.color_swatch_type.info"
      },
      {
        "type": "header",
        "content": "t:settings_schema.products.settings.header__sale_badge.content"
      },
      {
        "type": "checkbox",
        "id": "product_save_amount",
        "label": "t:settings_schema.products.settings.show_save_amount.label",
        "default": true
      },
      {
        "type": "select",
        "id": "product_save_type",
        "label": "t:settings_schema.products.settings.save_type.label",
        "default": "percent",
        "options": [
          {
            "value": "dollar",
            "label": "t:settings_schema.products.settings.save_type.options__1.label"
          },
          {
            "value": "percent",
            "label": "t:settings_schema.products.settings.save_type.options__2.label"
          },
          {
            "value": "label",
            "label": "t:settings_schema.products.settings.save_type.options__3.label"
          }
        ]
      },
      {
        "type": "header",
        "content": "t:settings_schema.products.settings.header__icon_list.content",
        "info": "t:settings_schema.products.settings.header__icon_list.info"
      },
      {
        "type": "text",
        "id": "product_icon_list_metafield",
        "label": "t:settings_schema.products.settings.product_icon_list_metafield.label",
        "info": "t:settings_schema.products.settings.product_icon_list_metafield.info"
      },
      {
        "type": "checkbox",
        "id": "product_icon_list",
        "default": false,
        "label": "t:settings_schema.products.settings.product_icon_list.label"
      },
      {
        "type": "range",
        "id": "product_icon_list_max",
        "min": 2,
        "max": 6,
        "step": 1,
        "label": "t:settings_schema.products.settings.product_icon_list_max.label",
        "default": 4
      },
      {
        "type": "checkbox",
        "id": "product_icon_list_carousel",
        "default": false,
        "label": "t:settings_schema.products.settings.product_icon_list_carousel.label"
      },
      {
        "type": "header",
        "content": "t:settings_schema.products.settings.header__miscellaneous.content"
      },
      {
        "type": "checkbox",
        "id": "product_disable_collection_portion",
        "default": false,
        "label": "t:settings_schema.products.settings.disable_collection_portion.label"
      }
    ]
  },
  {
    "name": "t:settings_schema.cart.name",
    "settings": [
      {
        "type": "select",
        "id": "cart_type",
        "options": [
          {
            "value": "drawer",
            "label": "t:settings_schema.cart.settings.cart_type.options__1.label"
          },
          {
            "value": "page",
            "label": "t:settings_schema.cart.settings.cart_type.options__2.label"
          }
        ],
        "default": "drawer",
        "label": "t:settings_schema.cart.settings.cart_type.label"
      },
      {
        "type": "select",
        "id": "cart_icon",
        "label": "t:settings_schema.cart.settings.cart_icon.label",
        "default": "cart",
        "options": [
          {
            "value": "bag",
            "label": "t:settings_schema.cart.settings.cart_icon.options__1.label"
          },
          {
            "value": "minimal-bag",
            "label": "t:settings_schema.cart.settings.cart_icon.options__2.label"
          },
          {
            "value": "tote-bag",
            "label": "t:settings_schema.cart.settings.cart_icon.options__3.label"
          },
          {
            "value": "cart",
            "label": "t:settings_schema.cart.settings.cart_icon.options__4.label"
          }
        ]
      }
    ]
  },
  {
    "name": "t:settings_schema.search.name",
    "settings": [
      {
        "type": "checkbox",
        "id": "enable_search",
        "label": "t:settings_schema.search.settings.enable_search.label",
        "default": true
      },
      {
        "type": "header",
        "content": "t:settings_schema.search.settings.header__1.content"
      },
      {
        "type": "checkbox",
        "id": "predictive_search_enabled",
        "label": "t:settings_schema.search.settings.predictive_search_enabled.label",
        "default": true
      },
      {
        "type": "range",
        "id": "predictive_search_limit",
        "min": 1,
        "max": 10,
        "step": 1,
        "default": 3,
        "label": "t:settings_schema.search.settings.predictive_search_limit.label"
      },
      {
        "type": "link_list",
        "id": "predictive_search_recommendation",
        "label": "t:settings_schema.search.settings.predictive_search_recommendation.label"
      },
      {
        "type": "checkbox",
        "id": "predictive_search_show_vendor",
        "default": false,
        "label": "t:settings_schema.search.settings.predictive_search_show_vendor.label"
      },
      {
        "type": "checkbox",
        "id": "predictive_search_show_price",
        "default": true,
        "label": "t:settings_schema.search.settings.predictive_search_show_price.label"
      },
      {
        "type": "header",
        "content": "t:settings_schema.search.settings.header__2.content"
      },
      {
        "type": "checkbox",
        "id": "typewriter_effect_enabled",
        "label": "t:settings_schema.search.settings.typewriter_effect_enabled.label",
        "default": false
      },
      {
        "type": "text",
        "id": "typewriter_starter_text",
        "label": "t:settings_schema.search.settings.typewriter_starter_text.label"
      }
    ]
  },
  {
    "name": "t:settings_schema.social-media.name",
    "settings": [
      {
        "type": "header",
        "content": "t:settings_schema.social-media.settings.header__social_accounts.content"
      },
      {
        "type": "text",
        "id": "social_facebook_link",
        "label": "t:settings_schema.social-media.settings.social_facebook_link.label",
        "info": "t:settings_schema.social-media.settings.social_facebook_link.info"
      },
      {
        "type": "text",
        "id": "social_twitter_link",
        "label": "t:settings_schema.social-media.settings.social_twitter_link.label",
        "info": "t:settings_schema.social-media.settings.social_twitter_link.info"
      },
      {
        "type": "text",
        "id": "social_instagram_link",
        "label": "t:settings_schema.social-media.settings.social_instagram_link.label",
        "info": "t:settings_schema.social-media.settings.social_instagram_link.info"
      },
      {
        "type": "text",
        "id": "social_youtube_link",
        "label": "t:settings_schema.social-media.settings.social_youtube_link.label",
        "info": "t:settings_schema.social-media.settings.social_youtube_link.info"
      },
      {
        "type": "text",
        "id": "social_tiktok_link",
        "label": "t:settings_schema.social-media.settings.social_tiktok_link.label",
        "info": "t:settings_schema.social-media.settings.social_tiktok_link.info"
      },
      {
        "type": "text",
        "id": "social_snapchat_link",
        "label": "t:settings_schema.social-media.settings.social_snapchat_link.label",
        "info": "t:settings_schema.social-media.settings.social_snapchat_link.info"
      },
      {
        "type": "text",
        "id": "social_pinterest_link",
        "label": "t:settings_schema.social-media.settings.social_pinterest_link.label",
        "info": "t:settings_schema.social-media.settings.social_pinterest_link.info"
      },
      {
        "type": "text",
        "id": "social_tumblr_link",
        "label": "t:settings_schema.social-media.settings.social_tumblr_link.label",
        "info": "t:settings_schema.social-media.settings.social_tumblr_link.info"
      },
      {
        "type": "text",
        "id": "social_linkedin_link",
        "label": "t:settings_schema.social-media.settings.social_linkedin_link.label",
        "info": "t:settings_schema.social-media.settings.social_linkedin_link.info"
      },
      {
        "type": "text",
        "id": "social_vimeo_link",
        "label": "t:settings_schema.social-media.settings.social_vimeo_link.label",
        "info": "t:settings_schema.social-media.settings.social_vimeo_link.info"
      },
      {
        "type": "header",
        "content": "t:settings_schema.social-media.settings.header__sharing_options.content"
      },
      {
        "type": "checkbox",
        "id": "share_facebook",
        "label": "t:settings_schema.social-media.settings.share_facebook.label",
        "default": true
      },
      {
        "type": "checkbox",
        "id": "share_twitter",
        "label": "t:settings_schema.social-media.settings.share_twitter.label",
        "default": true
      },
      {
        "type": "checkbox",
        "id": "share_pinterest",
        "label": "t:settings_schema.social-media.settings.share_pinterest.label",
        "default": true
      },
      {
        "type": "checkbox",
        "id": "share_telegram",
        "default": true,
        "label": "t:settings_schema.social-media.settings.share_telegram.label"
      },
      {
        "type": "checkbox",
        "id": "share_whatsapp",
        "default": true,
        "label": "t:settings_schema.social-media.settings.share_whatsapp.label"
      },
      {
        "type": "checkbox",
        "id": "share_email",
        "default": true,
        "label": "t:settings_schema.social-media.settings.share_email.label"
      }
    ]
  },
  {
    "name": "t:settings_schema.advanced.name",
    "settings": [
      {
        "type": "header",
        "content": "t:settings_schema.advanced.settings.header__links.content"
      },
      {
        "type": "checkbox",
        "id": "preload_links",
        "label": "t:settings_schema.advanced.settings.preload_links.label",
        "info": "t:settings_schema.advanced.settings.preload_links.info",
        "default": true
      },
      {
        "type": "checkbox",
        "id": "external_links_new_tab",
        "label": "t:settings_schema.advanced.settings.external_links_new_tab.label",
        "default": false
      },
      {
        "type": "header",
        "content": "t:settings_schema.advanced.settings.header__tab_attention.content"
      },
      {
        "type": "checkbox",
        "id": "enable_tab_attention",
        "label": "t:settings_schema.advanced.settings.enable_tab_attention.label",
        "info": "t:settings_schema.advanced.settings.enable_tab_attention.info",
        "default": false
      },
      {
        "type": "text",
        "id": "tab_attention_message_1",
        "label": "t:settings_schema.advanced.settings.tab_attention_message_1.label",
        "default": "Something we said?"
      },
      {
        "type": "text",
        "id": "tab_attention_message_2",
        "label": "t:settings_schema.advanced.settings.tab_attention_message_2.label",
        "default": "We're still here!"
      },
      {
        "type": "range",
        "id": "tab_attention_message_delay",
        "label": "t:settings_schema.advanced.settings.tab_attention_message_delay.label",
        "min": 1,
        "max": 10,
        "step": 1,
        "default": 3,
        "unit": "s"
      }
    ]
  }
]