{
  "sections": {
    "main-article-banner": {
      "type": "main-article-banner",
      "blocks": {
        "spacing": {
          "type": "spacing",
          "settings": {
            "height": 68,
            "height_mobile": 0
          }
        },
        "title": {
          "type": "title",
          "settings": {
            "title_size": "title-lg tracking-heading",
            "show_tags": true,
            "show_date": true,
            "show_comments": false,
            "show_author": true
          }
        }
      },
      "block_order": [
        "spacing",
        "title"
      ],
      "settings": {
        "transparent_header": true,
        "show_image": true,
        "image_height": "750px",
        "content_position": "md:items-center md:justify-center",
        "text_alignment": "left",
        "image_height_mobile": "auto",
        "content_position_mobile": "items-end justify-center",
        "text_alignment_mobile": "left",
        "color_text": "#ffffff",
        "color_overlay": "#000000",
        "overlay_opacity": 40,
        "padding_top": 0,
        "padding_bottom": 0,
        "divider": false,
        "full_width": true,
        "rounded": true,
        "enable_parallax": true,
        "parallax_direction": "vertical"
      }
    },
    "main-article": {
      "type": "main-article-overlay",
      "blocks": {
        "share": {
          "type": "share",
          "settings": {
            "share_label": "Share",
            "show_comments": true
          }
        },
        "next_previous_posts": {
          "type": "next_previous_posts",
          "settings": {
            "show_date": true,
            "show_comments": false,
            "show_author": true
          }
        },
        "comments": {
          "type": "comments",
          "settings": {
            "show_gravatar": true
          }
        }
      },
      "block_order": [
        "share",
        "next_previous_posts",
        "comments"
      ],
      "settings": {
        "padding_top": 72,
        "padding_bottom": 72,
        "divider": false,
        "narrow": true,
        "rounded": true
      }
    },
    "blog-posts": {
      "type": "blog-posts",
      "settings": {
        "blog": "",
        "post_limit": 3,
        "columns": 3,
        "carousel_on_desktop": false,
        "show_view_all": true,
        "columns_mobile": "1",
        "swipe_on_mobile": false,
        "image_ratio": "landscape",
        "show_tags": true,
        "show_date": true,
        "show_comments": true,
        "show_author": false,
        "show_excerpt": true,
        "heading": "Latest Stories",
        "heading_size": "title-md",
        "heading_alignment": "text-left md:items-end md:flex-row",
        "heading_tag": "h2",
        "subheading": "",
        "description": "",
        "highlighted_text": "none",
        "highlighted_scribble": "circle",
        "color_text": "",
        "color_background": "",
        "gradient_background": "",
        "color_highlight": "",
        "gradient_highlight": "",
        "color_button_text": "",
        "color_button_background": "",
        "color_button_gradient": "",
        "padding_top": 72,
        "padding_bottom": 120,
        "divider": false,
        "full_width": false,
        "rounded": true
      }
    }
  },
  "order": [
    "main-article-banner",
    "main-article",
    "blog-posts"
  ]
}