{"order":["main-collection-banner","main-collection","images-with-text-overlay","recently-viewed"],"sections":{"images-with-text-overlay":{"block_order":["image","spacing","subheading","heading","text"],"blocks":{"heading":{"settings":{"heading":"Example heading","heading_size":"title-md","heading_tag":"h2","highlighted_scribble":"circle","highlighted_text":"none"},"type":"heading"},"image":{"settings":{"image":"","image_max_width":50,"image_max_width_mobile":50,"image_width":"custom"},"type":"image"},"spacing":{"settings":{"height":80,"height_mobile":20},"type":"spacing"},"subheading":{"settings":{"secondary_color":true,"subheading":"Tagline","subheading_size":"subtitle-md"},"type":"subheading"},"text":{"settings":{"highlighted_scribble":"circle","highlighted_text":"none","secondary_color":false,"text":"\u003cp\u003eGive customers details about the banner image(s) or content on the template.\u003c/p\u003e","text_font":"body","text_max_size":32,"text_size":"subtext-md"},"type":"text"}},"settings":{"color_button_background":"#ffffff","color_button_gradient":"","color_button_text":"#171717","color_highlight":"#e0a580","color_text":"#ffffff","content_position":"md:items-center md:justify-start","content_position_mobile":"items-center justify-start","content_width":"small","divider":false,"enable_parallax":true,"full_width":true,"gradient_highlight":"","image_1":"","image_2":"","image_3":"","image_4":"","image_5":"","image_height":"650px","image_height_mobile":"500px","padding_bottom":0,"padding_top":0,"rounded":true,"text_alignment":"left","text_alignment_mobile":"left","transparent_header":false},"type":"images-with-text-overlay"},"main-collection":{"block_order":["subcollections","promotion"],"blocks":{"promotion":{"settings":{"button_label":"Shop now","button_link":"","color_button_background":"#ffffff","color_button_gradient":"","color_button_text":"#4d5940","color_overlay":"#000000","color_text":"#ffffff","content":"\u003cp\u003eShare information about your brand with your customers.\u003c/p\u003e","content_position":"md:items-center","content_position_mobile":"items-center","heading":"Example heading","icon":"","image":"","overlay_opacity":30,"position":8,"text_alignment":"center","text_alignment_mobile":"center"},"type":"promotion"},"subcollections":{"settings":{"menu":"subcollections","per_row":5,"show_count":true},"type":"subcollections"}},"settings":{"columns":4,"columns_mobile":"2","divider":false,"enable_filtering":true,"enable_sorting":true,"filter_collapsed":false,"filter_color_swatches":true,"filter_type":"drawer","full_width":false,"padding_bottom":100,"padding_top":40,"pagination":"paginated","products_per_page":11,"rounded":true},"type":"main-collection"},"main-collection-banner":{"block_order":["spacing","breadcrumb","title"],"blocks":{"breadcrumb":{"settings":{"show_collections_link":true},"type":"breadcrumb"},"spacing":{"settings":{"height":48,"height_mobile":0},"type":"spacing"},"title":{"settings":{"title_size":"title-xl"},"type":"title"}},"settings":{"color_overlay":"#000000","color_text":"#ffffff","content_position":"md:items-end md:justify-start","content_position_mobile":"items-end justify-start","divider":false,"enable_parallax":true,"full_width":true,"image_height":"750px","image_height_mobile":"auto","overlay_opacity":40,"padding_bottom":0,"padding_top":0,"parallax_direction":"vertical","rounded":true,"show_image":true,"text_alignment":"left","text_alignment_mobile":"left","transparent_header":true},"type":"main-collection-banner"},"recently-viewed":{"settings":{"carousel_on_desktop":true,"color_background":"","color_button_background":"","color_button_gradient":"","color_button_text":"","color_highlight":"","color_text":"","columns":4,"columns_mobile":"1","description":"","divider":false,"full_width":false,"gradient_background":"","gradient_highlight":"","heading":"Recently Viewed","heading_alignment":"text-left md:items-end md:flex-row","heading_size":"title-md","heading_tag":"h2","highlighted_scribble":"circle","highlighted_text":"none","padding_bottom":80,"padding_top":72,"product_limit":6,"rounded":true,"subheading":"","swipe_on_mobile":true},"type":"recently-viewed"}}}