{"sections":{"images_with_text_overlay_9Kr7Rm":{"type":"images-with-text-overlay","blocks":{"subheading_UQtRXz":{"type":"subheading","disabled":true,"settings":{"subheading":"EVERYONE NOTICES • NOBODY TELLS YOU","subheading_size":"subtitle-md","secondary_color":true}},"heading_QtnmBa":{"type":"heading","settings":{"heading":"Fired Colorist <em>Leaks<\/em> Hollywood's $50,000 Film Secret For <em>Just $19...<\/em>","heading_size":"title-md","heading_tag":"h2","highlighted_text":"text","highlighted_scribble":"circle"}},"text_QrKCjm":{"type":"text","settings":{"text":"<p>Make iPhone Footage Look Like $200K Cinema Cameras In 30 Seconds. <strong>Zero Skills Needed. No Expensive Gear. No Film School Required.<\/strong><\/p>","text_size":"subtext-sm","text_max_size":32,"text_font":"body","secondary_color":false,"highlighted_text":"none","highlighted_scribble":"circle"}}},"block_order":["subheading_UQtRXz","heading_QtnmBa","text_QrKCjm"],"name":"t:sections.images-with-text-overlay.presets.name","settings":{"transparent_header":true,"image_height":"850px","content_width":"large","content_position":"md:items-center md:justify-center","text_alignment":"center","image_1":"shopify:\/\/shop_images\/ezgif-1d7833aff4d28b.webp","image_2":"shopify:\/\/shop_images\/crt-converter-the-creator-fx-bundle-382805_1800x1800_7552c5bc-588a-4e52-a9d9-bd691fb789eb.webp","image_3":"shopify:\/\/shop_images\/3d-hologram-the-creator-fx-bundle-820473_1800x1800_ca5c357b-1759-4bc1-8a6f-cd95081e84bc.webp","image_4":"shopify:\/\/shop_images\/ezgif-82cf456bb517c2.webp","image_5":"shopify:\/\/shop_images\/FORM6.jpg","image_height_mobile":"500px","content_position_mobile":"items-end justify-center","text_alignment_mobile":"left","color_text":"#ffffff","color_highlight":"#17ba15","gradient_highlight":"","color_button_text":"#000000","color_button_background":"#ffffff","color_button_gradient":"","color_overlay":"#000000","overlay_opacity":0,"padding_top":0,"padding_bottom":0,"divider":false,"full_width":true,"rounded":false,"enable_parallax":true}},"video_YdiN3A":{"type":"video","disabled":true,"name":"t:sections.video.presets.name","settings":{"transparent_header":false,"video":"shopify:\/\/files\/videos\/6_0de2c7a9-7204-4284-a782-0b9307af6ab8.mp4","video_url":"https:\/\/www.youtube.com\/watch?v=_9VUPq3SxOc","description":"","enable_video_autoplay":true,"enable_video_looping":true,"image_height":"adapt","video_url_mobile":"","image_height_mobile":"auto","padding_top":100,"padding_bottom":0,"divider":false,"full_width":true,"rounded":false}},"logo_list_ktJrKh":{"type":"logo-list","blocks":{"logo_8rXVbT":{"type":"logo","settings":{"image":"shopify:\/\/shop_images\/adobe-text.png","height":40,"link":""}},"logo_jgMazq":{"type":"logo","settings":{"image":"shopify:\/\/shop_images\/schonswitzerlandlogo-white-768x202.webp","height":36,"link":""}},"logo_bck7eV":{"type":"logo","settings":{"image":"shopify:\/\/shop_images\/netflix-logo-white-png-900x244.png","height":36,"link":""}},"logo_64JmrT":{"type":"logo","settings":{"image":"shopify:\/\/shop_images\/logo-red-bull-png-red-bull-white-logo-11563241512roy1m8219d.png","height":36,"link":""}},"logo_WQXyMV":{"type":"logo","settings":{"image":"shopify:\/\/shop_images\/forbes-logo.png","height":40,"link":""}},"logo_EbkC6C":{"type":"logo","settings":{"image":"shopify:\/\/shop_images\/logo.webp","height":40,"link":""}}},"block_order":["logo_8rXVbT","logo_jgMazq","logo_bck7eV","logo_64JmrT","logo_WQXyMV","logo_EbkC6C"],"name":"t:sections.logo-list.presets.name","settings":{"layout":"marquee","grid_horizontal":75,"direction":"right","speed":3,"heading":"","heading_size":"title-md","heading_alignment":"text-center md:items-center","heading_tag":"h2","subheading":"","description":"","button_label":"","button_link":"","button_external":false,"button_icon":true,"highlighted_text":"none","highlighted_scribble":"circle","color_text":"","color_background":"","gradient_background":"","color_highlight":"","gradient_highlight":"","color_button_text":"","color_button_background":"","color_button_gradient":"","padding_top":64,"padding_bottom":72,"divider":false,"full_width":true,"rounded":false}},"shop_the_feed_X9P3Ar":{"type":"shop-the-feed","blocks":{"feed_dmmMWA":{"type":"feed","settings":{"image":"shopify:\/\/shop_images\/videoframe_3850.png","video":"shopify:\/\/files\/videos\/reelUp_lsjqdzvpwz1755129856348_medium.mp4","video_on_hover":true,"account_name":"","account_description":"","account_button":"","account_link":"","button_external":false,"color_text":"#ffffff","color_button_text":"#000000","color_button_background":"#000000","color_button_gradient":"","hotspot_color_text_1":"#000000","hotspot_vertical_1":45,"hotspot_horizontal_1":25,"hotspot_product_1":"","hotspot_color_text_2":"#000000","hotspot_vertical_2":30,"hotspot_horizontal_2":65,"hotspot_product_2":"","hotspot_color_text_3":"#000000","hotspot_vertical_3":60,"hotspot_horizontal_3":75,"hotspot_product_3":"","hotspot_color_text_4":"#000000","hotspot_vertical_4":50,"hotspot_horizontal_4":50,"hotspot_product_4":""}},"feed_JjmRbd":{"type":"feed","settings":{"image":"shopify:\/\/shop_images\/videoframe_5773.png","video":"shopify:\/\/files\/videos\/reelUp_q06eem7rh21755129856348_medium.mp4","video_on_hover":true,"account_name":"","account_description":"","account_button":"","account_link":"","button_external":false,"color_text":"#ffffff","color_button_text":"#000000","color_button_background":"#000000","color_button_gradient":"","hotspot_color_text_1":"#000000","hotspot_vertical_1":45,"hotspot_horizontal_1":25,"hotspot_product_1":"","hotspot_color_text_2":"#000000","hotspot_vertical_2":30,"hotspot_horizontal_2":65,"hotspot_product_2":"","hotspot_color_text_3":"#000000","hotspot_vertical_3":60,"hotspot_horizontal_3":75,"hotspot_product_3":"","hotspot_color_text_4":"#000000","hotspot_vertical_4":50,"hotspot_horizontal_4":50,"hotspot_product_4":""}},"feed_9EXjQU":{"type":"feed","settings":{"image":"shopify:\/\/shop_images\/videoframe_3856.png","video":"shopify:\/\/files\/videos\/reelUp_n0fh0tn4k3t1755129856348_medium.mp4","video_on_hover":true,"account_name":"","account_description":"","account_button":"","account_link":"","button_external":false,"color_text":"#ffffff","color_button_text":"#000000","color_button_background":"#000000","color_button_gradient":"","hotspot_color_text_1":"#000000","hotspot_vertical_1":45,"hotspot_horizontal_1":25,"hotspot_product_1":"","hotspot_color_text_2":"#000000","hotspot_vertical_2":30,"hotspot_horizontal_2":65,"hotspot_product_2":"","hotspot_color_text_3":"#000000","hotspot_vertical_3":60,"hotspot_horizontal_3":75,"hotspot_product_3":"","hotspot_color_text_4":"#000000","hotspot_vertical_4":50,"hotspot_horizontal_4":50,"hotspot_product_4":""}},"feed_brQdzh":{"type":"feed","settings":{"image":"shopify:\/\/shop_images\/videoframe_3603.png","video":"shopify:\/\/files\/videos\/reelUp_vtt7lwmn4ck1755129856348_medium.mp4","video_on_hover":true,"account_name":"","account_description":"","account_button":"","account_link":"","button_external":false,"color_text":"#ffffff","color_button_text":"#000000","color_button_background":"#000000","color_button_gradient":"","hotspot_color_text_1":"#000000","hotspot_vertical_1":45,"hotspot_horizontal_1":25,"hotspot_product_1":"","hotspot_color_text_2":"#000000","hotspot_vertical_2":30,"hotspot_horizontal_2":65,"hotspot_product_2":"","hotspot_color_text_3":"#000000","hotspot_vertical_3":60,"hotspot_horizontal_3":75,"hotspot_product_3":"","hotspot_color_text_4":"#000000","hotspot_vertical_4":50,"hotspot_horizontal_4":50,"hotspot_product_4":""}},"feed_kXgW43":{"type":"feed","settings":{"image":"shopify:\/\/shop_images\/videoframe_3921.png","video":"shopify:\/\/files\/videos\/reelUp_t553ixrsxw1755129856348_medium.mp4","video_on_hover":true,"account_name":"","account_description":"","account_button":"","account_link":"","button_external":false,"color_text":"#ffffff","color_button_text":"#000000","color_button_background":"#000000","color_button_gradient":"","hotspot_color_text_1":"#000000","hotspot_vertical_1":45,"hotspot_horizontal_1":25,"hotspot_product_1":"","hotspot_color_text_2":"#000000","hotspot_vertical_2":30,"hotspot_horizontal_2":65,"hotspot_product_2":"","hotspot_color_text_3":"#000000","hotspot_vertical_3":60,"hotspot_horizontal_3":75,"hotspot_product_3":"","hotspot_color_text_4":"#000000","hotspot_vertical_4":50,"hotspot_horizontal_4":50,"hotspot_product_4":""}}},"block_order":["feed_dmmMWA","feed_JjmRbd","feed_9EXjQU","feed_brQdzh","feed_kXgW43"],"custom_css":["button._tmp-pai,button.ux-8f7,button {display: none !important;}"],"name":"t:sections.shop-the-feed.name","settings":{"columns":5,"carousel_on_desktop":true,"image_ratio":"adapt","columns_mobile":"2","swipe_on_mobile":true,"account_name":"","show_vendor":false,"show_price":false,"heading":"","heading_size":"title-md","heading_alignment":"text-center md:items-center","heading_tag":"h5","subheading":"","description":"","button_label":"","button_link":"","button_external":false,"button_icon":false,"highlighted_text":"none","highlighted_scribble":"circle","color_text":"","color_background":"","gradient_background":"","color_highlight":"","gradient_highlight":"","color_button_text":"","color_button_background":"","color_button_gradient":"","padding_top":40,"padding_bottom":56,"divider":false,"full_width":false,"rounded":false}},"1760291761d006f280":{"type":"_blocks","blocks":{"ai_gen_block_cb5e41e_8RkyJH":{"type":"ai_gen_block_cb5e41e","settings":{"headline":"Everything You Need To Create Stunning Visuals","subtitle":"10,000+ Premium Assets Used By Nike, Balenciaga & Top Creators","limited_offer_text":"","headline_alignment_desktop":"center","subtitle_alignment_desktop":"center","limited_offer_alignment_desktop":"center","headline_alignment_mobile":"center","subtitle_alignment_mobile":"center","limited_offer_alignment_mobile":"center","button_text":"GET ACCESS - $19","button_link":"","social_proof_text":"Join 10,000+ creators transforming their content","show_countdown":true,"countdown_title":"","background_color":"#000000","text_color":"#ffffff","headline_color":"#ffffff","subtitle_color":"#b3b3b3","limited_offer_color":"#22c55e","accent_color":"#22c55e","button_color":"#ffffff","button_hover_color":"#ffffff","button_text_color":"#000000","social_proof_color":"#b3b3b3","countdown_title_color":"#ffffff","countdown_number_color":"#ffffff","countdown_label_color":"#b3b3b3","expand_icon_size":24,"expand_icon_bg_color":"#333333","expand_icon_hover_bg_color":"#22c55e","expand_icon_color":"#ffffff","headline_size":50,"subtitle_size":22,"limited_offer_size":14,"button_size":18,"social_proof_size":14,"countdown_title_size":14,"countdown_number_size":30,"countdown_label_size":13,"button_padding_vertical":16,"button_padding_horizontal":80,"button_border_radius":30,"button_border_thickness":0,"button_border_color":"#ffffff","max_width":750,"section_gap":40,"section_padding_top":0,"section_padding_bottom":0,"product_1_enabled":true,"product_1_title":"CRT Textures","product_1_tagline":"Premium vintage effects","product_1_price":"$89","product_1_description":"Real CRT scanlines captured in 4K","product_2_enabled":true,"product_2_title":"CRT Textures","product_2_tagline":"Premium vintage effects","product_2_price":"$89","product_2_description":"Real CRT scanlines captured in 4K","product_3_enabled":false,"product_3_title":"","product_3_tagline":"","product_3_price":"","product_3_description":"","product_4_enabled":false,"product_4_title":"","product_4_tagline":"","product_4_price":"","product_4_description":"","product_5_enabled":false,"product_5_title":"","product_5_tagline":"","product_5_price":"","product_5_description":"","product_6_enabled":false,"product_6_title":"","product_6_tagline":"","product_6_price":"","product_6_description":"","product_7_enabled":false,"product_7_title":"","product_7_tagline":"","product_7_price":"","product_7_description":"","product_8_enabled":false,"product_8_title":"","product_8_tagline":"","product_8_price":"","product_8_description":"","product_9_enabled":false,"product_9_title":"","product_9_tagline":"","product_9_price":"","product_9_description":"","product_10_enabled":false,"product_10_title":"","product_10_tagline":"","product_10_price":"","product_10_description":"","product_11_enabled":false,"product_11_title":"","product_11_tagline":"","product_11_price":"","product_11_description":"","product_12_enabled":false,"product_12_title":"","product_12_tagline":"","product_12_price":"","product_12_description":"","product_13_enabled":false,"product_13_title":"","product_13_tagline":"","product_13_price":"","product_13_description":"","product_14_enabled":false,"product_14_title":"","product_14_tagline":"","product_14_price":"","product_14_description":"","product_15_enabled":false,"product_15_title":"","product_15_tagline":"","product_15_price":"","product_15_description":"","product_16_enabled":false,"product_16_title":"","product_16_tagline":"","product_16_price":"","product_16_description":"","product_17_enabled":false,"product_17_title":"","product_17_tagline":"","product_17_price":"","product_17_description":"","product_18_enabled":false,"product_18_title":"","product_18_tagline":"","product_18_price":"","product_18_description":"","product_19_enabled":false,"product_19_title":"","product_19_tagline":"","product_19_price":"","product_19_description":"","product_20_enabled":false,"product_20_title":"","product_20_tagline":"","product_20_price":"","product_20_description":""},"blocks":{}}},"block_order":["ai_gen_block_cb5e41e_8RkyJH"],"disabled":true,"settings":{}},"image_with_text_AKaEE3":{"type":"image-with-text","blocks":{"subheading_CjfWGj":{"type":"subheading","settings":{"subheading":"2025 release","subheading_size":"subtitle-sm","secondary_color":true}},"heading_hnYeDa":{"type":"heading","settings":{"heading":"THE MASTER BUNDLE","heading_size":"title-md","heading_tag":"h2","highlighted_text":"none","highlighted_scribble":"circle"}},"text_YAU3mT":{"type":"text","settings":{"text":"<p>Get 10,000+ authentic film assets and exclusive access to Cineva's AI platform. Everything you need to turn cheap digital footage into cinema-quality masterpieces.<\/p>","text_size":"subtext-md","text_max_size":32,"text_font":"body","secondary_color":false,"highlighted_text":"none","highlighted_scribble":"circle"}},"liquid_BpVDnm":{"type":"liquid","settings":{"liquid":"<div class=\"download-section\">\n  <div class=\"timer-display\">\n    <svg class=\"timer-icon\" width=\"18\" height=\"18\" viewBox=\"0 0 24 24\" fill=\"none\" xmlns=\"http:\/\/www.w3.org\/2000\/svg\">\n      <circle cx=\"12\" cy=\"12\" r=\"10\" stroke=\"currentColor\" stroke-width=\"2\"\/>\n      <path d=\"M12 6V12L16 14\" stroke=\"currentColor\" stroke-width=\"2\" stroke-linecap=\"round\"\/>\n    <\/svg>\n    <span id=\"countdown\">00:00<\/span>\n  <\/div>\n  <a href=\"https:\/\/try.cineva.ai\/cart\/51660665487698:1?channel=buy_button\" class=\"download-btn\">\n   \n    <span>Download Now<\/span>\n  <\/a>\n<\/div>\n\n<details class=\"included-section\" open>\n  <summary class=\"included-header\">\n    <span>What's Included<\/span>\n    <svg class=\"chevron-icon\" width=\"20\" height=\"20\" viewBox=\"0 0 20 20\" fill=\"none\" xmlns=\"http:\/\/www.w3.org\/2000\/svg\">\n      <path d=\"M5 7.5L10 12.5L15 7.5\" stroke=\"currentColor\" stroke-width=\"2\" stroke-linecap=\"round\" stroke-linejoin=\"round\"\/>\n    <\/svg>\n  <\/summary>\n  <div class=\"included-content\">\n    <div class=\"product-item\">\n      <span class=\"product-name\">3D Hologram<\/span>\n      <span class=\"product-value\">$39.00<\/span>\n    <\/div>\n    <div class=\"product-item\">\n      <span class=\"product-name\">4K Glass Smash Overlay<\/span>\n      <span class=\"product-value\">$19.00<\/span>\n    <\/div>\n    <div class=\"product-item\">\n      <span class=\"product-name\">8MM Film Grain<\/span>\n      <span class=\"product-value\">$49.00<\/span>\n    <\/div>\n    <div class=\"product-item\">\n      <span class=\"product-name\">8MM Grains + Textures<\/span>\n      <span class=\"product-value\">$42.97<\/span>\n    <\/div>\n    <div class=\"product-item\">\n      <span class=\"product-name\">16MM Film Grains + Textures<\/span>\n      <span class=\"product-value\">$51.74<\/span>\n    <\/div>\n    <div class=\"product-item\">\n      <span class=\"product-name\">Abstract Textures<\/span>\n      <span class=\"product-value\">$34.20<\/span>\n    <\/div>\n    <div class=\"product-item\">\n      <span class=\"product-name\">Anamorphic Flares<\/span>\n      <span class=\"product-value\">$51.74<\/span>\n    <\/div>\n    <div class=\"product-item\">\n      <span class=\"product-name\">Animated Elements<\/span>\n      <span class=\"product-value\">$42.97<\/span>\n    <\/div>\n    <div class=\"product-item\">\n      <span class=\"product-name\">Animated Interfaces<\/span>\n      <span class=\"product-value\">$42.97<\/span>\n    <\/div>\n    <div class=\"product-item\">\n      <span class=\"product-name\">Badass Brushes<\/span>\n      <span class=\"product-value\">$29.00<\/span>\n    <\/div>\n    <div class=\"product-item\">\n      <span class=\"product-name\">Bloom SFX<\/span>\n      <span class=\"product-value\">$51.74<\/span>\n    <\/div>\n    <div class=\"product-item\">\n      <span class=\"product-name\">Blue Future Transitions<\/span>\n      <span class=\"product-value\">$29.00<\/span>\n    <\/div>\n    <div class=\"product-item\">\n      <span class=\"product-name\">Camera Specific LUTs<\/span>\n      <span class=\"product-value\">$39.00<\/span>\n    <\/div>\n    <div class=\"product-item\">\n      <span class=\"product-name\">Cinefilm LUTs<\/span>\n      <span class=\"product-value\">$39.00<\/span>\n    <\/div>\n    <div class=\"product-item\">\n      <span class=\"product-name\">Cinematic LUTs<\/span>\n      <span class=\"product-value\">$34.20<\/span>\n    <\/div>\n    <div class=\"product-item\">\n      <span class=\"product-name\">CRT Converter<\/span>\n      <span class=\"product-value\">$39.00<\/span>\n    <\/div>\n    <div class=\"product-item\">\n      <span class=\"product-name\">CRT Frames<\/span>\n      <span class=\"product-value\">$42.97<\/span>\n    <\/div>\n    <div class=\"product-item\">\n      <span class=\"product-name\">CRT Textures<\/span>\n      <span class=\"product-value\">$42.97<\/span>\n    <\/div>\n    <div class=\"product-item\">\n      <span class=\"product-name\">Developed Film Templates<\/span>\n      <span class=\"product-value\">$34.20<\/span>\n    <\/div>\n    <div class=\"product-item\">\n      <span class=\"product-name\">Digital Lens FX<\/span>\n      <span class=\"product-value\">$49.50<\/span>\n    <\/div>\n    <div class=\"product-item\">\n      <span class=\"product-name\">Displacer<\/span>\n      <span class=\"product-value\">$25.43<\/span>\n    <\/div>\n    <div class=\"product-item\">\n      <span class=\"product-name\">Disposable Presets<\/span>\n      <span class=\"product-value\">$25.43<\/span>\n    <\/div>\n    <div class=\"product-item\">\n      <span class=\"product-name\">Elements - A Graphic Assets Collection<\/span>\n      <span class=\"product-value\">$34.20<\/span>\n    <\/div>\n    <div class=\"product-item\">\n      <span class=\"product-name\">Essential Graphics<\/span>\n      <span class=\"product-value\">$34.20<\/span>\n    <\/div>\n    <div class=\"product-item\">\n      <span class=\"product-name\">Expired Film Textures<\/span>\n      <span class=\"product-value\">$51.74<\/span>\n    <\/div>\n    <div class=\"product-item\">\n      <span class=\"product-name\">Fast Film<\/span>\n      <span class=\"product-value\">$29.00<\/span>\n    <\/div>\n    <div class=\"product-item\">\n      <span class=\"product-name\">Film Burns<\/span>\n      <span class=\"product-value\">$49.00<\/span>\n    <\/div>\n    <div class=\"product-item\">\n      <span class=\"product-name\">Film Frame Transitions<\/span>\n      <span class=\"product-value\">$42.97<\/span>\n    <\/div>\n    <div class=\"product-item\">\n      <span class=\"product-name\">Film LUTs<\/span>\n      <span class=\"product-value\">$34.20<\/span>\n    <\/div>\n    <div class=\"product-item\">\n      <span class=\"product-name\">Film Transitions<\/span>\n      <span class=\"product-value\">$51.74<\/span>\n    <\/div>\n    <div class=\"product-item\">\n      <span class=\"product-name\">Fisheye FX<\/span>\n      <span class=\"product-value\">$25.43<\/span>\n    <\/div>\n    <div class=\"product-item\">\n      <span class=\"product-name\">Flame & Glitch<\/span>\n      <span class=\"product-value\">$35.00<\/span>\n    <\/div>\n    <div class=\"product-item\">\n      <span class=\"product-name\">Flash FX<\/span>\n      <span class=\"product-value\">$51.74<\/span>\n    <\/div>\n    <div class=\"product-item\">\n      <span class=\"product-name\">Focus FX<\/span>\n      <span class=\"product-value\">$51.74<\/span>\n    <\/div>\n    <div class=\"product-item\">\n      <span class=\"product-name\">Geometric Mattes<\/span>\n      <span class=\"product-value\">$25.43<\/span>\n    <\/div>\n    <div class=\"product-item\">\n      <span class=\"product-name\">Glass<\/span>\n      <span class=\"product-value\">$25.43<\/span>\n    <\/div>\n    <div class=\"product-item\">\n      <span class=\"product-name\">Glass Hits<\/span>\n      <span class=\"product-value\">$51.74<\/span>\n    <\/div>\n    <div class=\"product-item\">\n      <span class=\"product-name\">Glow<\/span>\n      <span class=\"product-value\">$16.66<\/span>\n    <\/div>\n    <div class=\"product-item\">\n      <span class=\"product-name\">Graffiti<\/span>\n      <span class=\"product-value\">$25.43<\/span>\n    <\/div>\n    <div class=\"product-item\">\n      <span class=\"product-name\">Grunge Textures<\/span>\n      <span class=\"product-value\">$34.20<\/span>\n    <\/div>\n    <div class=\"product-item\">\n      <span class=\"product-name\">Grunge Transitions<\/span>\n      <span class=\"product-value\">$42.97<\/span>\n    <\/div>\n    <div class=\"product-item\">\n      <span class=\"product-name\">Hollywood Inspired LUTs<\/span>\n      <span class=\"product-value\">$39.00<\/span>\n    <\/div>\n    <div class=\"product-item\">\n      <span class=\"product-name\">Ikons<\/span>\n      <span class=\"product-value\">$39.00<\/span>\n    <\/div>\n    <div class=\"product-item\">\n      <span class=\"product-name\">Ink Bleed<\/span>\n      <span class=\"product-value\">$25.43<\/span>\n    <\/div>\n    <div class=\"product-item\">\n      <span class=\"product-name\">Ink Stamp<\/span>\n      <span class=\"product-value\">$29.00<\/span>\n    <\/div>\n    <div class=\"product-item\">\n      <span class=\"product-name\">Infrared Bundle<\/span>\n      <span class=\"product-value\">$99.00<\/span>\n    <\/div>\n    <div class=\"product-item\">\n      <span class=\"product-name\">Infrared LUTs<\/span>\n      <span class=\"product-value\">$49.00<\/span>\n    <\/div>\n    <div class=\"product-item\">\n      <span class=\"product-name\">Inverto<\/span>\n      <span class=\"product-value\">$29.00<\/span>\n    <\/div>\n    <div class=\"product-item\">\n      <span class=\"product-name\">Kodak Gold LUTs<\/span>\n      <span class=\"product-value\">$34.20<\/span>\n    <\/div>\n    <div class=\"product-item\">\n      <span class=\"product-name\">Koloranz<\/span>\n      <span class=\"product-value\">$25.43<\/span>\n    <\/div>\n    <div class=\"product-item\">\n      <span class=\"product-name\">Letterboxes<\/span>\n      <span class=\"product-value\">$19.00<\/span>\n    <\/div>\n    <div class=\"product-item\">\n      <span class=\"product-name\">Light Effects<\/span>\n      <span class=\"product-value\">$51.74<\/span>\n    <\/div>\n    <div class=\"product-item\">\n      <span class=\"product-name\">Markers<\/span>\n      <span class=\"product-value\">$34.20<\/span>\n    <\/div>\n    <div class=\"product-item\">\n      <span class=\"product-name\">Modern Punk Design Kit<\/span>\n      <span class=\"product-value\">$29.00<\/span>\n    <\/div>\n    <div class=\"product-item\">\n      <span class=\"product-name\">Motion<\/span>\n      <span class=\"product-value\">$25.43<\/span>\n    <\/div>\n    <div class=\"product-item\">\n      <span class=\"product-name\">Night Vision LUTs<\/span>\n      <span class=\"product-value\">$39.00<\/span>\n    <\/div>\n    <div class=\"product-item\">\n      <span class=\"product-name\">Offset Printer<\/span>\n      <span class=\"product-value\">$25.43<\/span>\n    <\/div>\n    <div class=\"product-item\">\n      <span class=\"product-name\">Paper Rip Transitions<\/span>\n      <span class=\"product-value\">$42.97<\/span>\n    <\/div>\n    <div class=\"product-item\">\n      <span class=\"product-name\">Parallax FX<\/span>\n      <span class=\"product-value\">$51.74<\/span>\n    <\/div>\n    <div class=\"product-item\">\n      <span class=\"product-name\">Prism<\/span>\n      <span class=\"product-value\">$42.97<\/span>\n    <\/div>\n    <div class=\"product-item\">\n      <span class=\"product-name\">Punch Hole Transitions<\/span>\n      <span class=\"product-value\">$49.00<\/span>\n    <\/div>\n    <div class=\"product-item\">\n      <span class=\"product-name\">Radial<\/span>\n      <span class=\"product-value\">$25.43<\/span>\n    <\/div>\n    <div class=\"product-item\">\n      <span class=\"product-name\">Reflect<\/span>\n      <span class=\"product-value\">$25.43<\/span>\n    <\/div>\n    <div class=\"product-item\">\n      <span class=\"product-name\">Retro TV<\/span>\n      <span class=\"product-value\">$34.20<\/span>\n    <\/div>\n    <div class=\"product-item\">\n      <span class=\"product-name\">Retro TV Photo Templates<\/span>\n      <span class=\"product-value\">$34.20<\/span>\n    <\/div>\n    <div class=\"product-item\">\n      <span class=\"product-name\">Risoprint<\/span>\n      <span class=\"product-value\">$25.43<\/span>\n    <\/div>\n    <div class=\"product-item\">\n      <span class=\"product-name\">Shutter Lag Effect<\/span>\n      <span class=\"product-value\">$29.00<\/span>\n    <\/div>\n    <div class=\"product-item\">\n      <span class=\"product-name\">Signature LUTs<\/span>\n      <span class=\"product-value\">$34.20<\/span>\n    <\/div>\n    <div class=\"product-item\">\n      <span class=\"product-name\">Spectra<\/span>\n      <span class=\"product-value\">$39.00<\/span>\n    <\/div>\n    <div class=\"product-item\">\n      <span class=\"product-name\">Spectrum<\/span>\n      <span class=\"product-value\">$34.20<\/span>\n    <\/div>\n    <div class=\"product-item\">\n      <span class=\"product-name\">Super 8 Bundle<\/span>\n      <span class=\"product-value\">$99.00<\/span>\n    <\/div>\n    <div class=\"product-item\">\n      <span class=\"product-name\">Text Bleed Effect<\/span>\n      <span class=\"product-value\">$29.00<\/span>\n    <\/div>\n    <div class=\"product-item\">\n      <span class=\"product-name\">The VHS Converter<\/span>\n      <span class=\"product-value\">$25.43<\/span>\n    <\/div>\n    <div class=\"product-item\">\n      <span class=\"product-name\">Thermal Color LUTs<\/span>\n      <span class=\"product-value\">$29.00<\/span>\n    <\/div>\n    <div class=\"product-item\">\n      <span class=\"product-name\">Thermo<\/span>\n      <span class=\"product-value\">$49.00<\/span>\n    <\/div>\n    <div class=\"product-item\">\n      <span class=\"product-name\">Tropical Presets<\/span>\n      <span class=\"product-value\">$19.00<\/span>\n    <\/div>\n    <div class=\"product-item\">\n      <span class=\"product-name\">Viewfinder Overlays<\/span>\n      <span class=\"product-value\">$29.00<\/span>\n    <\/div>\n    <div class=\"product-item\">\n      <span class=\"product-name\">Viewfinders<\/span>\n      <span class=\"product-value\">$34.20<\/span>\n    <\/div>\n    <div class=\"product-item\">\n      <span class=\"product-name\">Vintage Lens Vignettes<\/span>\n      <span class=\"product-value\">$39.00<\/span>\n    <\/div>\n    <div class=\"product-item\">\n      <span class=\"product-name\">Vintage LUTs<\/span>\n      <span class=\"product-value\">$34.20<\/span>\n    <\/div>\n    <div class=\"product-item\">\n      <span class=\"product-name\">Vintage Viewfinders<\/span>\n      <span class=\"product-value\">$34.20<\/span>\n    <\/div>\n    <div class=\"product-item\">\n      <span class=\"product-name\">Window Mattes<\/span>\n      <span class=\"product-value\">$19.00<\/span>\n    <\/div>\n    <div class=\"product-item\">\n      <span class=\"product-name\">\"Yamborghini High\" Music Video LUTs<\/span>\n      <span class=\"product-value\">$29.00<\/span>\n    <\/div>\n  <\/div>\n<\/details>\n\n<script>\n  \/\/ Timer countdown - starts at 20:00 and counts down\n  let totalSeconds = 20 * 60; \/\/ 20 minutes in seconds\n  const countdownEl = document.getElementById('countdown');\n  \n  function updateTimer() {\n    const mins = Math.floor(totalSeconds \/ 60);\n    const secs = totalSeconds % 60;\n    countdownEl.textContent = `${String(mins).padStart(2, '0')}:${String(secs).padStart(2, '0')}`;\n    \n    if (totalSeconds > 0) {\n      totalSeconds--;\n    } else {\n      \/\/ Reset to 20:00 when it reaches 0\n      totalSeconds = 20 * 60;\n    }\n  }\n  \n  \/\/ Initial display\n  updateTimer();\n  \n  \/\/ Update every second\n  setInterval(updateTimer, 1000);\n<\/script>\n\n<style>\n  .collapsible-row {\n    background: rgba(255, 255, 255, 0.1);\n    backdrop-filter: blur(10px);\n    -webkit-backdrop-filter: blur(10px);\n    border: 1px solid rgba(255, 255, 255, 0.2);\n    border-radius: 12px;\n    margin-bottom: 1rem;\n    margin-left: 0;\n    margin-right: auto;\n    max-width: 98%;\n    box-shadow: 0 8px 32px 0 rgba(0, 0, 0, 0.1);\n  }\n\n  @media (min-width: 768px) {\n    .collapsible-row {\n      max-width: 100%;\n      margin-left: auto;\n    }\n  }\n\n  .download-section {\n    background: rgba(255, 255, 255, 0);\n    backdrop-filter: blur(10px);\n    -webkit-backdrop-filter: blur(10px);\n    border: 1px solid rgba(255, 255, 255, 0.2);\n    border-radius: 12px;\n    padding: 1.5rem;\n    margin-bottom: 1rem;\n    margin-left: 0;\n    margin-right: auto;\n    max-width: 98%;\n    box-shadow: 0 8px 32px 0 rgba(0, 0, 0, 0.1);\n    display: flex;\n    align-items: center;\n    justify-content: space-between;\n    gap: 1rem;\n  }\n\n  @media (min-width: 768px) {\n    .download-section {\n      max-width: 100%;\n      margin-left: auto;\n    }\n  }\n\n  .timer-display {\n    display: flex;\n    align-items: center;\n    gap: 0.5rem;\n    font-family: monospace;\n    font-size: 1.1rem;\n    font-weight: 600;\n    opacity: 0.9;\n  }\n\n  .timer-icon {\n    opacity: 0.8;\n  }\n\n  .download-btn {\n    background: #ffffff !important;\n    backdrop-filter: blur(10px);\n    -webkit-backdrop-filter: blur(10px);\n    border: none !important;\n    border-radius: 8px;\n    padding: 0.75rem 1.5rem;\n    color: #000 !important;\n    cursor: pointer;\n    display: flex;\n    align-items: center;\n    gap: 0.5rem;\n    font-weight: 500;\n    transition: all 0.3s ease;\n    box-shadow: 0 4px 16px 0 rgba(0, 0, 0, 0.1);\n    text-decoration: none !important;\n  }\n\n  .download-btn svg {\n    color: #000;\n  }\n\n  .download-btn:hover {\n    background: #ffffff !important;\n    transform: translateY(-2px);\n    box-shadow: 0 6px 20px 0 rgba(0, 0, 0, 0.15);\n  }\n\n  .download-btn:active {\n    transform: translateY(0);\n  }\n\n  .included-section {\n    background: #000000;\n    border: 2px solid transparent;\n    background-image: linear-gradient(#000000, #000000), \n                      linear-gradient(135deg, rgba(74, 222, 128, 0.6), rgba(34, 197, 94, 0.3), rgba(74, 222, 128, 0));\n    background-origin: border-box;\n    background-clip: padding-box, border-box;\n    border-radius: 12px;\n    margin-bottom: 1rem;\n    margin-left: 0;\n    margin-right: auto;\n    max-width: 98%;\n    box-shadow: 0 8px 32px 0 rgba(0, 0, 0, 0.1);\n  }\n\n  @media (min-width: 768px) {\n    .included-section {\n      max-width: 100%;\n      margin-left: auto;\n    }\n  }\n\n  .included-header {\n    display: flex;\n    justify-content: space-between;\n    align-items: center;\n    padding: 0.75rem 1.5rem;\n    cursor: pointer;\n    list-style: none;\n    user-select: none;\n    font-weight: 600;\n    font-size: 1.1rem;\n    border-radius: 12px;\n    transition: background 0.3s ease;\n  }\n\n  .included-header:hover {\n    background: rgba(255, 255, 255, 0.05);\n  }\n\n  .chevron-icon {\n    transition: transform 0.3s ease;\n    opacity: 0.8;\n  }\n\n  details[open] .chevron-icon {\n    transform: rotate(180deg);\n  }\n\n  .included-content {\n    padding: 0 1.5rem 1rem 1.5rem;\n    max-height: 400px;\n    overflow-y: auto;\n  }\n\n  .included-content::-webkit-scrollbar {\n    width: 8px;\n  }\n\n  .included-content::-webkit-scrollbar-track {\n    background: rgba(255, 255, 255, 0.05);\n    border-radius: 4px;\n  }\n\n  .included-content::-webkit-scrollbar-thumb {\n    background: rgba(255, 255, 255, 0.2);\n    border-radius: 4px;\n  }\n\n  .included-content::-webkit-scrollbar-thumb:hover {\n    background: rgba(255, 255, 255, 0.3);\n  }\n\n  .product-item {\n    display: flex;\n    justify-content: space-between;\n    align-items: center;\n    padding: 0.75rem 0;\n    border-bottom: 1px solid rgba(255, 255, 255, 0.1);\n  }\n\n  .product-item:last-child {\n    border-bottom: none;\n  }\n\n  .product-name {\n    font-weight: 400;\n    opacity: 0.9;\n  }\n\n  .product-value {\n    font-weight: 600;\n    font-family: monospace;\n    opacity: 0.95;\n    color: #4ade80;\n  }\n\n  .collapsible-row__header {\n    display: flex;\n    justify-content: space-between;\n    align-items: center;\n    padding: 0.75rem 1.5rem;\n    cursor: pointer;\n    list-style: none;\n    user-select: none;\n    font-weight: 500;\n    border-radius: 12px;\n    transition: background 0.3s ease;\n  }\n\n  .collapsible-row__header:hover {\n    background: rgba(255, 255, 255, 0.15);\n  }\n\n  .collapsible-row__icon {\n    transition: transform 0.3s ease;\n    opacity: 0.8;\n  }\n\n  details[open] .collapsible-row__icon {\n    transform: rotate(180deg);\n  }\n\n  .collapsible-row__content {\n    padding: 0 1.5rem 0.75rem 1.5rem;\n    line-height: 1.6;\n    background: rgba(0, 0, 0, 0.2);\n    border-radius: 0 0 12px 12px;\n  }\n<\/style>"}},"button_fBF6VX":{"type":"button","disabled":true,"settings":{"button_label":"$9 - Get Access","button_link":"https:\/\/try.cineva.ai\/cart\/51660665487698:1?channel=buy_button","button_style":"primary","button_size":"md","button_external":false,"button_icon":false}}},"block_order":["subheading_CjfWGj","heading_hnYeDa","text_YAU3mT","liquid_BpVDnm","button_fBF6VX"],"name":"t:sections.image-with-text.presets.name","settings":{"image":"shopify:\/\/shop_images\/Progetto_senza_titolo_16.png","image_height":"adapt","image_width":"small","layout":"image_first","text_alignment":"left","content_position":"align-self-center","image_height_mobile":"adapt","text_alignment_mobile":"left","color_text":"","color_background":"","gradient_background":"","color_background_2":"","gradient_background_2":"","color_highlight":"","gradient_highlight":"","color_button_text":"","color_button_background":"","color_button_gradient":"","padding_top":56,"padding_bottom":72,"divider":false,"full_width":false,"rounded":false,"enable_parallax":true,"parallax_direction":"vertical"}},"video_with_text_overlay_WGP33m":{"type":"video-with-text-overlay","blocks":{"heading_8jKr6P":{"type":"heading","settings":{"heading":"<em><strong>First-Time Visitors Only<\/strong><\/em>","heading_size":"title-md","heading_tag":"h2","highlighted_text":"none","highlighted_scribble":"circle"}},"text_7ATnpp":{"type":"text","settings":{"text":"<p>You're seeing $19 instead of $97 because this is your first time here. Our system offers this price once to new visitors, <em><strong>then never again.<\/strong><\/em> Leave and you're permanently locked at standard pricing.<strong> 10,847 creators grabbed it immediately.<\/strong> The ones who \"thought about it\" paid 5X more the next day.<\/p>","text_size":"subtext-md","text_max_size":32,"text_font":"body","secondary_color":false,"highlighted_text":"none","highlighted_scribble":"squiggle-underline"}},"button_fXdWn9":{"type":"button","settings":{"button_label":"$9 - Get Exclusive Access","button_link":"https:\/\/try.cineva.ai\/cart\/51660665487698:1?channel=buy_button","button_style":"secondary","button_size":"md","button_external":false,"button_icon":false}}},"block_order":["heading_8jKr6P","text_7ATnpp","button_fXdWn9"],"name":"t:sections.video-with-text-overlay.presets.name","settings":{"transparent_header":false,"video":"shopify:\/\/files\/videos\/cineva2.mp4","video_url":"https:\/\/www.youtube.com\/watch?v=_9VUPq3SxOc","description":"","enable_video_autoplay":true,"enable_video_looping":true,"image_height":"650px","content_width":"large","content_position":"md:items-center md:justify-center","text_alignment":"center","video_url_mobile":"","image_height_mobile":"auto","content_position_mobile":"items-center justify-center","text_alignment_mobile":"left","color_text":"#ffffff","color_highlight":"#16b114","gradient_highlight":"","color_button_text":"#171717","color_button_background":"#ffffff","color_button_gradient":"","color_overlay":"#000000","overlay_opacity":0,"padding_top":0,"padding_bottom":48,"divider":false,"full_width":false,"rounded":true}},"countdown_timer_9rjkRE":{"type":"countdown-timer","blocks":{"heading_Bzh9GN":{"type":"heading","settings":{"heading":"Offer ends in:","heading_size":"title-md","heading_tag":"h2","highlighted_text":"none","highlighted_scribble":"circle"}},"timer_mjfFEx":{"type":"timer","settings":{"year":"2025","month":"10","day":"14","hour":"05","minute":"04","text_font":"heading","text_size":"title-md","message":""}},"button_MaxyqC":{"type":"button","disabled":true,"settings":{"button_label":"$19 - Get Access","button_link":"","button_style":"primary","button_size":"md","button_external":false,"button_icon":false}}},"block_order":["heading_Bzh9GN","timer_mjfFEx","button_MaxyqC"],"disabled":true,"name":"t:sections.countdown-timer.presets.name","settings":{"transparent_header":false,"image":"shopify:\/\/shop_images\/ezgif-13b254af06d8e3.webp","image_height":"400px","content_width":"small","content_position":"md:items-center md:justify-center","text_alignment":"center","image_height_mobile":"auto","content_position_mobile":"items-center justify-center","text_alignment_mobile":"center","color_text":"#ffffff","color_highlight":"#17ba15","gradient_highlight":"","color_button_text":"#171717","color_button_background":"#ffffff","color_button_gradient":"","color_overlay":"#000000","overlay_opacity":55,"padding_top":44,"padding_bottom":36,"divider":false,"full_width":false,"rounded":true,"enable_parallax":true,"parallax_direction":"vertical"}},"video_with_text_VNbFaC":{"type":"video-with-text","blocks":{"heading_cFANnF":{"type":"heading","settings":{"heading":"CRT Textures","heading_size":"title-sm","heading_tag":"h2","highlighted_text":"none","highlighted_scribble":"circle"}},"text_ed6xyF":{"type":"text","settings":{"text":"<p>Your work looks too clean. We captured real CRT scanlines, color bleed and vintage glow from authentic tubes in 4K ProRes. Not filters. Not fakes. Just drag, drop and bring analog warmth to digital projects.<\/p>","text_size":"subtext-sm","text_max_size":32,"text_font":"body","secondary_color":false,"highlighted_text":"none","highlighted_scribble":"circle"}},"button_dQqwLp":{"type":"button","settings":{"button_label":"$9 - Get Access","button_link":"https:\/\/try.cineva.ai\/cart\/","button_style":"primary","button_size":"md","button_external":false,"button_icon":false}}},"block_order":["heading_cFANnF","text_ed6xyF","button_dQqwLp"],"name":"t:sections.video-with-text.presets.name","settings":{"video":"shopify:\/\/files\/videos\/cinematic luts (1).mp4","video_url":"https:\/\/www.youtube.com\/watch?v=_9VUPq3SxOc","description":"","enable_video_autoplay":false,"enable_video_looping":false,"image_height":"adapt","video_width":"medium","layout":"video_first","text_alignment":"left","content_position":"align-self-center","video_url_mobile":"","image_height_mobile":"auto","text_alignment_mobile":"left","color_text":"","color_background":"","gradient_background":"","color_background_2":"","gradient_background_2":"","color_highlight":"","gradient_highlight":"","color_button_text":"","color_button_background":"","color_button_gradient":"","padding_top":72,"padding_bottom":72,"divider":false,"full_width":false,"rounded":false,"enable_parallax":false,"parallax_direction":"horizontal"}},"video_with_text_TW9iep":{"type":"video-with-text","blocks":{"heading_zbxXQq":{"type":"heading","settings":{"heading":"Expired Film Textures","heading_size":"title-sm","heading_tag":"h2","highlighted_text":"none","highlighted_scribble":"circle"}},"text_BFX6dB":{"type":"text","settings":{"text":"<p>Digital is perfect. That’s the problem. Shot on expired Fujicolor Reversal with a vintage Bolex 16mm, these textures deliver real light leaks, unpredictable grain and organic distortions you can’t fake. This isn’t film behaving. This is film misbehaving.<\/p>","text_size":"subtext-sm","text_max_size":32,"text_font":"body","secondary_color":false,"highlighted_text":"none","highlighted_scribble":"circle"}},"button_X3F4Vm":{"type":"button","settings":{"button_label":"$9 - Get Access","button_link":"https:\/\/try.cineva.ai\/cart\/51660665487698:1?channel=buy_button","button_style":"primary","button_size":"md","button_external":false,"button_icon":false}}},"block_order":["heading_zbxXQq","text_BFX6dB","button_X3F4Vm"],"name":"t:sections.video-with-text.presets.name","settings":{"video":"shopify:\/\/files\/videos\/vignette end.mp4","video_url":"https:\/\/www.youtube.com\/watch?v=_9VUPq3SxOc","description":"","enable_video_autoplay":false,"enable_video_looping":false,"image_height":"adapt","video_width":"medium","layout":"text_first","text_alignment":"left","content_position":"align-self-center","video_url_mobile":"","image_height_mobile":"auto","text_alignment_mobile":"left","color_text":"","color_background":"","gradient_background":"","color_background_2":"","gradient_background_2":"","color_highlight":"","gradient_highlight":"","color_button_text":"","color_button_background":"","color_button_gradient":"","padding_top":72,"padding_bottom":72,"divider":true,"full_width":false,"rounded":false,"enable_parallax":false,"parallax_direction":"vertical"}},"video_with_text_bgmRqB":{"type":"video-with-text","blocks":{"heading_GYFtQB":{"type":"heading","settings":{"heading":"8mm Grain Textures","heading_size":"title-sm","heading_tag":"h2","highlighted_text":"none","highlighted_scribble":"circle"}},"text_PKMiW4":{"type":"text","settings":{"text":"<p>Instant 8mm film magic with real Kodak grain and textures in 4K. No fake filters. Just authentic film grains and light leaks scanned from original Kodak stock. Turn any digital footage into warm, imperfect memories. Drag. Drop. Wow.<\/p>","text_size":"subtext-sm","text_max_size":32,"text_font":"body","secondary_color":false,"highlighted_text":"none","highlighted_scribble":"circle"}},"button_aPwxhR":{"type":"button","settings":{"button_label":"$9 - Get Access","button_link":"https:\/\/try.cineva.ai\/cart\/51660665487698:1?channel=buy_button","button_style":"primary","button_size":"md","button_external":false,"button_icon":false}}},"block_order":["heading_GYFtQB","text_PKMiW4","button_aPwxhR"],"name":"t:sections.video-with-text.presets.name","settings":{"video":"shopify:\/\/files\/videos\/icons.mp4","video_url":"https:\/\/www.youtube.com\/watch?v=_9VUPq3SxOc","description":"","enable_video_autoplay":false,"enable_video_looping":false,"image_height":"adapt","video_width":"medium","layout":"video_first","text_alignment":"left","content_position":"align-self-center","video_url_mobile":"","image_height_mobile":"auto","text_alignment_mobile":"left","color_text":"","color_background":"","gradient_background":"","color_background_2":"","gradient_background_2":"","color_highlight":"","gradient_highlight":"","color_button_text":"","color_button_background":"","color_button_gradient":"","padding_top":72,"padding_bottom":72,"divider":true,"full_width":false,"rounded":false,"enable_parallax":false,"parallax_direction":"vertical"}},"video_with_text_yYKPfW":{"type":"video-with-text","blocks":{"heading_kzzcpP":{"type":"heading","settings":{"heading":"Film Transitions","heading_size":"title-sm","heading_tag":"h2","highlighted_text":"none","highlighted_scribble":"circle"}},"text_NVAdgp":{"type":"text","settings":{"text":"<p>Authentic film overlays including burns, cinemarkers, sprockets and sound effects. Used by major brands like Nike and Balenciaga. Delivered in 4K UHD and ready for seamless use in any editing software.<\/p>","text_size":"subtext-sm","text_max_size":32,"text_font":"body","secondary_color":false,"highlighted_text":"none","highlighted_scribble":"circle"}},"button_mV3kkk":{"type":"button","settings":{"button_label":"$9 - Get Access","button_link":"https:\/\/try.cineva.ai\/cart\/51660665487698:1?channel=buy_button","button_style":"primary","button_size":"md","button_external":false,"button_icon":false}}},"block_order":["heading_kzzcpP","text_NVAdgp","button_mV3kkk"],"name":"t:sections.video-with-text.presets.name","settings":{"video":"shopify:\/\/files\/videos\/film burn f.mp4","video_url":"https:\/\/www.youtube.com\/watch?v=_9VUPq3SxOc","description":"","enable_video_autoplay":false,"enable_video_looping":false,"image_height":"adapt","video_width":"medium","layout":"text_first","text_alignment":"left","content_position":"align-self-center","video_url_mobile":"","image_height_mobile":"auto","text_alignment_mobile":"left","color_text":"","color_background":"","gradient_background":"","color_background_2":"","gradient_background_2":"","color_highlight":"","gradient_highlight":"","color_button_text":"","color_button_background":"","color_button_gradient":"","padding_top":72,"padding_bottom":72,"divider":true,"full_width":false,"rounded":false,"enable_parallax":false,"parallax_direction":"vertical"}},"video_with_text_wQBykt":{"type":"video-with-text","blocks":{"heading_R7tTwG":{"type":"heading","settings":{"heading":"Letterboxes","heading_size":"title-sm","heading_tag":"h2","highlighted_text":"none","highlighted_scribble":"circle"}},"text_WRrfD9":{"type":"text","settings":{"text":"<p>Stunning light refractions captured on large-format glass with an Arri Alexa in 4K UHD. Designed with top DPs and lighting specialists to add seamless transitions and creative flare to any footage. Fully compatible with all major editing software.<\/p>","text_size":"subtext-sm","text_max_size":32,"text_font":"body","secondary_color":false,"highlighted_text":"none","highlighted_scribble":"circle"}},"button_BPrTPP":{"type":"button","settings":{"button_label":"$9 - Get Access","button_link":"https:\/\/try.cineva.ai\/cart\/51660665487698:1?channel=buy_button","button_style":"primary","button_size":"md","button_external":false,"button_icon":false}}},"block_order":["heading_R7tTwG","text_WRrfD9","button_BPrTPP"],"name":"t:sections.video-with-text.presets.name","settings":{"video":"shopify:\/\/files\/videos\/therma.mp4","video_url":"https:\/\/www.youtube.com\/watch?v=_9VUPq3SxOc","description":"","enable_video_autoplay":false,"enable_video_looping":false,"image_height":"adapt","video_width":"medium","layout":"video_first","text_alignment":"left","content_position":"align-self-center","video_url_mobile":"","image_height_mobile":"auto","text_alignment_mobile":"left","color_text":"","color_background":"","gradient_background":"","color_background_2":"","gradient_background_2":"","color_highlight":"","gradient_highlight":"","color_button_text":"","color_button_background":"","color_button_gradient":"","padding_top":72,"padding_bottom":72,"divider":true,"full_width":false,"rounded":false,"enable_parallax":false,"parallax_direction":"vertical"}},"video_with_text_yQHdwD":{"type":"video-with-text","blocks":{"heading_KVtnqg":{"type":"heading","settings":{"heading":"Light Effects","heading_size":"title-sm","heading_tag":"h2","highlighted_text":"none","highlighted_scribble":"circle"}},"text_LH3rjB":{"type":"text","settings":{"text":"<p>Unlock the Master Bundle: 5000+ premium assets including LUTs, textures, fonts, transitions, effects and SFX. Our complete library in one pack, everything you need to elevate your visuals and bring any project to life.<\/p>","text_size":"subtext-sm","text_max_size":32,"text_font":"body","secondary_color":false,"highlighted_text":"none","highlighted_scribble":"circle"}},"button_jXQyKL":{"type":"button","settings":{"button_label":"$9 - Get Access","button_link":"https:\/\/try.cineva.ai\/cart\/51660665487698:1?channel=buy_button","button_style":"primary","button_size":"md","button_external":false,"button_icon":false}}},"block_order":["heading_KVtnqg","text_LH3rjB","button_jXQyKL"],"name":"t:sections.video-with-text.presets.name","settings":{"video":"shopify:\/\/files\/videos\/8mmne.mp4","video_url":"https:\/\/www.youtube.com\/watch?v=_9VUPq3SxOc","description":"","enable_video_autoplay":false,"enable_video_looping":false,"image_height":"adapt","video_width":"medium","layout":"text_first","text_alignment":"left","content_position":"align-self-center","video_url_mobile":"","image_height_mobile":"auto","text_alignment_mobile":"left","color_text":"","color_background":"","gradient_background":"","color_background_2":"","gradient_background_2":"","color_highlight":"","gradient_highlight":"","color_button_text":"","color_button_background":"","color_button_gradient":"","padding_top":72,"padding_bottom":72,"divider":true,"full_width":false,"rounded":false,"enable_parallax":false,"parallax_direction":"vertical"}},"video_with_text_cJpjgc":{"type":"video-with-text","blocks":{"heading_nYM4xx":{"type":"heading","settings":{"heading":"Light Effects","heading_size":"title-sm","heading_tag":"h2","highlighted_text":"none","highlighted_scribble":"circle"}},"text_wQVhhp":{"type":"text","settings":{"text":"<p>Unlock the Master Bundle: 5000+ premium assets including LUTs, textures, fonts, transitions, effects and SFX. Our complete library in one pack, everything you need to elevate your visuals and bring any project to life.<\/p>","text_size":"subtext-sm","text_max_size":32,"text_font":"body","secondary_color":false,"highlighted_text":"none","highlighted_scribble":"circle"}},"button_9WczgE":{"type":"button","settings":{"button_label":"$9 - Get Access","button_link":"https:\/\/try.cineva.ai\/cart\/51660665487698:1?channel=buy_button","button_style":"primary","button_size":"md","button_external":false,"button_icon":false}}},"block_order":["heading_nYM4xx","text_wQVhhp","button_9WczgE"],"name":"t:sections.video-with-text.presets.name","settings":{"video":"shopify:\/\/files\/videos\/ounch hoile.mp4","video_url":"https:\/\/www.youtube.com\/watch?v=_9VUPq3SxOc","description":"","enable_video_autoplay":false,"enable_video_looping":false,"image_height":"adapt","video_width":"medium","layout":"video_first","text_alignment":"left","content_position":"align-self-center","video_url_mobile":"","image_height_mobile":"auto","text_alignment_mobile":"left","color_text":"","color_background":"","gradient_background":"","color_background_2":"","gradient_background_2":"","color_highlight":"","gradient_highlight":"","color_button_text":"","color_button_background":"","color_button_gradient":"","padding_top":72,"padding_bottom":72,"divider":true,"full_width":false,"rounded":false,"enable_parallax":false,"parallax_direction":"vertical"}},"video_with_text_fimapb":{"type":"video-with-text","blocks":{"heading_fPLKwW":{"type":"heading","settings":{"heading":"Film Burns","heading_size":"title-sm","heading_tag":"h2","highlighted_text":"none","highlighted_scribble":"circle"}},"text_xUaHnp":{"type":"text","settings":{"text":"<p>Authentic 8mm and 16mm burns captured on real Kodak film in 4K UHD. Add raw cinematic texture, organic warmth and timeless grit that turns ordinary footage into film-inspired stories.<\/p>","text_size":"subtext-sm","text_max_size":32,"text_font":"body","secondary_color":false,"highlighted_text":"none","highlighted_scribble":"circle"}},"button_DNQRzL":{"type":"button","settings":{"button_label":"$9 - Get Access","button_link":"https:\/\/try.cineva.ai\/cart\/51660665487698:1?channel=buy_button","button_style":"primary","button_size":"md","button_external":false,"button_icon":false}}},"block_order":["heading_fPLKwW","text_xUaHnp","button_DNQRzL"],"name":"t:sections.video-with-text.presets.name","settings":{"video":"shopify:\/\/files\/videos\/night vision.mp4","video_url":"https:\/\/www.youtube.com\/watch?v=_9VUPq3SxOc","description":"","enable_video_autoplay":false,"enable_video_looping":false,"image_height":"adapt","video_width":"medium","layout":"text_first","text_alignment":"left","content_position":"align-self-center","video_url_mobile":"","image_height_mobile":"auto","text_alignment_mobile":"left","color_text":"","color_background":"","gradient_background":"","color_background_2":"","gradient_background_2":"","color_highlight":"","gradient_highlight":"","color_button_text":"","color_button_background":"","color_button_gradient":"","padding_top":72,"padding_bottom":72,"divider":true,"full_width":false,"rounded":false,"enable_parallax":false,"parallax_direction":"vertical"}},"video_with_text_zRjAf7":{"type":"video-with-text","blocks":{"heading_nddtFq":{"type":"heading","settings":{"heading":"And much more!","heading_size":"title-sm","heading_tag":"h2","highlighted_text":"none","highlighted_scribble":"circle"}},"text_UipPBT":{"type":"text","settings":{"text":"<p>Unlock <strong>all current & future film assets<\/strong> with lifetime access. New textures drop weekly, yours forever.<\/p>","text_size":"subtext-sm","text_max_size":32,"text_font":"body","secondary_color":false,"highlighted_text":"none","highlighted_scribble":"circle"}},"button_WHc9GB":{"type":"button","settings":{"button_label":"Never miss another release.","button_link":"https:\/\/try.cineva.ai\/cart\/51660665487698:1?channel=buy_button","button_style":"primary","button_size":"md","button_external":false,"button_icon":false}}},"block_order":["heading_nddtFq","text_UipPBT","button_WHc9GB"],"name":"t:sections.video-with-text.presets.name","settings":{"video":"shopify:\/\/files\/videos\/Timeline 1.mov","video_url":"https:\/\/www.youtube.com\/watch?v=_9VUPq3SxOc","description":"","enable_video_autoplay":true,"enable_video_looping":true,"image_height":"adapt","video_width":"medium","layout":"video_first","text_alignment":"left","content_position":"align-self-center","video_url_mobile":"","image_height_mobile":"auto","text_alignment_mobile":"left","color_text":"","color_background":"","gradient_background":"","color_background_2":"","gradient_background_2":"","color_highlight":"","gradient_highlight":"","color_button_text":"","color_button_background":"","color_button_gradient":"","padding_top":72,"padding_bottom":44,"divider":true,"full_width":false,"rounded":false,"enable_parallax":false,"parallax_direction":"vertical"}},"rich_text_UkyhVV":{"type":"rich-text","blocks":{"heading_UQhpiN":{"type":"heading","settings":{"heading":"Unlock This Exclusive Offer & <em>Get 1 Month FREE on Cineva.ai<\/em>","heading_size":"title-sm","heading_tag":"h2","highlighted_text":"text","highlighted_scribble":"circle"}},"text_XExmpJ":{"type":"text","settings":{"text":"<p>Our all-in-one platform that gives you <strong>AI tools, a pro video editing software, and a fresh library of sounds, effects and templates<\/strong>, but this free month is only available right now. Don’t miss<\/p>","text_size":"subtext-md","text_max_size":18,"text_font":"body","secondary_color":false,"highlighted_text":"none","highlighted_scribble":"circle"}}},"block_order":["heading_UQhpiN","text_XExmpJ"],"name":"t:sections.rich-text.presets.name","settings":{"text_alignment":"center","text_alignment_mobile":"left","heading":"","heading_size":"title-md","heading_alignment":"text-center md:items-center","heading_width":"medium","heading_tag":"h2","subheading":"","description":"","button_label":"","button_link":"","button_external":false,"button_icon":false,"highlighted_text":"none","highlighted_scribble":"circle","color_text":"","color_background":"","gradient_background":"","color_highlight":"","gradient_highlight":"","color_button_text":"","color_button_background":"","color_button_gradient":"","padding_top":120,"padding_bottom":0,"divider":false,"narrow":true,"rounded":false}},"collage_4dz4qT":{"type":"collage","blocks":{"image_BjRDAr":{"type":"image","settings":{"subheading":"","heading":"AI Voice Overs","link":"","invert_subheading_heading":false,"image":"shopify:\/\/shop_images\/Aggiungi_un_titolo_5.png","image_ratio":"adapt","content_position":"md:items-end md:justify-start","text_alignment":"left","image_ratio_mobile":"adapt","content_position_mobile":"items-end justify-start","text_alignment_mobile":"left","highlighted_text":"none","highlighted_scribble":"circle","color_text":"#ffffff","color_highlight":"#000000","gradient_highlight":"","color_overlay":"#000000","overlay_opacity":100}},"image_nAtXzY":{"type":"image","settings":{"subheading":"","heading":"AI Tools Suite","link":"","invert_subheading_heading":false,"image":"shopify:\/\/shop_images\/Screenshot_2025-10-03_062739.png","image_ratio":"adapt","content_position":"md:items-end md:justify-start","text_alignment":"left","image_ratio_mobile":"adapt","content_position_mobile":"items-end justify-start","text_alignment_mobile":"left","highlighted_text":"none","highlighted_scribble":"circle","color_text":"#ffffff","color_highlight":"","gradient_highlight":"","color_overlay":"#000000","overlay_opacity":100}},"image_pcUDtg":{"type":"image","settings":{"subheading":"","heading":"Stock Footage","link":"","invert_subheading_heading":false,"image":"shopify:\/\/shop_images\/Screenshot_2025-09-30_002759.png","image_ratio":"adapt","content_position":"md:items-end md:justify-start","text_alignment":"left","image_ratio_mobile":"adapt","content_position_mobile":"items-end justify-start","text_alignment_mobile":"left","highlighted_text":"none","highlighted_scribble":"circle","color_text":"#ffffff","color_highlight":"","gradient_highlight":"","color_overlay":"#000000","overlay_opacity":100}},"image_9pwqEN":{"type":"image","settings":{"subheading":"","heading":"Templates Collection","link":"","invert_subheading_heading":false,"image":"shopify:\/\/shop_images\/Screenshot_2025-09-27_060500.png","image_ratio":"adapt","content_position":"md:items-end md:justify-start","text_alignment":"left","image_ratio_mobile":"adapt","content_position_mobile":"items-end justify-start","text_alignment_mobile":"left","highlighted_text":"none","highlighted_scribble":"circle","color_text":"#ffffff","color_highlight":"#000000","gradient_highlight":"","color_overlay":"#000000","overlay_opacity":100}},"image_NV7j8P":{"type":"image","settings":{"subheading":"","heading":"AI Video Editor","link":"","invert_subheading_heading":false,"image":"shopify:\/\/shop_images\/Screenshot_2025-10-03_064602.png","image_ratio":"adapt","content_position":"md:items-end md:justify-start","text_alignment":"left","image_ratio_mobile":"adapt","content_position_mobile":"items-end justify-start","text_alignment_mobile":"left","highlighted_text":"none","highlighted_scribble":"circle","color_text":"#ffffff","color_highlight":"","gradient_highlight":"","color_overlay":"#000000","overlay_opacity":100}},"image_HinnUe":{"type":"image","settings":{"subheading":"","heading":"Much More...","link":"","invert_subheading_heading":false,"image":"shopify:\/\/shop_images\/Aggiungi_un_titolo_7.png","image_ratio":"adapt","content_position":"md:items-end md:justify-start","text_alignment":"left","image_ratio_mobile":"adapt","content_position_mobile":"items-end justify-start","text_alignment_mobile":"left","highlighted_text":"none","highlighted_scribble":"circle","color_text":"#ffffff","color_highlight":"","gradient_highlight":"","color_overlay":"#000000","overlay_opacity":100}}},"block_order":["image_BjRDAr","image_nAtXzY","image_pcUDtg","image_9pwqEN","image_NV7j8P","image_HinnUe"],"name":"t:sections.collage.presets.name","settings":{"heading":"","heading_size":"title-sm","heading_alignment":"text-left md:items-end md:flex-row","heading_tag":"h1","subheading":"","description":"","button_label":"","button_link":"","button_external":false,"button_icon":false,"highlighted_text":"none","highlighted_scribble":"circle","color_text":"","color_background":"","gradient_background":"","color_highlight":"","gradient_highlight":"","color_button_text":"","color_button_background":"","color_button_gradient":"","padding_top":72,"padding_bottom":72,"divider":false,"full_width":false,"rounded":false,"enable_parallax":true}},"video_with_text_overlay_83TnKQ":{"type":"video-with-text-overlay","blocks":{"heading_Rcxfzf":{"type":"heading","settings":{"heading":"<em><strong>Don’t Miss Your Chance<\/strong><\/em><strong> to Get It All<\/strong>","heading_size":"title-md","heading_tag":"h2","highlighted_text":"none","highlighted_scribble":"circle"}},"text_WiJF7L":{"type":"text","settings":{"text":"<p>Over 10,000 world class assets, exclusive access to Cineva’s AI-powered platform, the tools to create stunning visuals and immersive sound, all in one place. This is your last call to unlock the complete creator experience.<\/p>","text_size":"subtext-md","text_max_size":32,"text_font":"body","secondary_color":false,"highlighted_text":"none","highlighted_scribble":"circle"}},"button_gTKnjt":{"type":"button","settings":{"button_label":"$9 - Get Exclusive Access","button_link":"https:\/\/try.cineva.ai\/cart\/51660665487698:1?channel=buy_button","button_style":"secondary","button_size":"md","button_external":false,"button_icon":false}}},"block_order":["heading_Rcxfzf","text_WiJF7L","button_gTKnjt"],"name":"t:sections.video-with-text-overlay.presets.name","settings":{"transparent_header":false,"video":"shopify:\/\/files\/videos\/cineva2.mp4","video_url":"https:\/\/www.youtube.com\/watch?v=_9VUPq3SxOc","description":"","enable_video_autoplay":true,"enable_video_looping":true,"image_height":"650px","content_width":"large","content_position":"md:items-center md:justify-center","text_alignment":"center","video_url_mobile":"","image_height_mobile":"auto","content_position_mobile":"items-center justify-center","text_alignment_mobile":"left","color_text":"#ffffff","color_highlight":"#16b114","gradient_highlight":"","color_button_text":"#171717","color_button_background":"#ffffff","color_button_gradient":"","color_overlay":"#000000","overlay_opacity":0,"padding_top":0,"padding_bottom":48,"divider":false,"full_width":false,"rounded":true}},"faq_Kw9X6X":{"type":"faq","blocks":{"question_Mcwi3E":{"type":"question","settings":{"title":"Frequently asked question","text":"<p>Use this text to answer questions in as much detail as possible for your customers.<\/p>","highlighted_text":"none","highlighted_scribble":"circle"}},"question_FQ3CQq":{"type":"question","settings":{"title":"Which editing software and apps are compatible with our products?","text":"<p>Our MASTER BUNDLE works with:<\/p><p>•⁠ ⁠Adobe Premiere Pro \/After Effects<br\/>•⁠ ⁠DaVinci Resolve<br\/>•⁠ ⁠Final Cut Pro<br\/>•⁠ ⁠CapCut<br\/>•⁠ ⁠Filmora<br\/>•⁠ ⁠Vegas Pro<br\/>•⁠ ⁠LumaFusion<br\/>•⁠ ⁠Avid Media Composer<br\/>•⁠ ⁠CyberLink PowerDirector<br\/>•⁠ ⁠Movavi Video Editor<br\/>•⁠ ⁠HitFilm Express<br\/>•⁠ ⁠Magix Movie<br\/>•⁠ ⁠Pinnacle Studio<br\/>•⁠ ⁠Corel VideoStudio<br\/>•⁠ ⁠CINEVA AI Suite<br\/><br\/><br\/>It works on all versions of your editing software on both <strong>Windows and MacOS. Our bundle also works on all tablets and mobile apps<\/strong>.<br\/><br\/>Our assets are custom made for various editing software and apps by our team. <strong>This ensures that the assets will work perfectly on your preferred software or app with the matching files.<\/strong><\/p>","highlighted_text":"none","highlighted_scribble":"circle"}},"question_gRBcGM":{"type":"question","settings":{"title":"Can I download the assets for multiple software programs and apps?","text":"<p>Yes! After purchasing your product, you can download the packs for multiple software programs and apps from our download center. There are no additional costs involved, you get access to all downloads. So if you edit in both Premiere Pro and CapCut, you can download and use our packs for both.<\/p>","highlighted_text":"none","highlighted_scribble":"circle"}},"question_KywWkT":{"type":"question","settings":{"title":"Which payment methods do you support?","text":"<p>You can pay with Visa, Mastercard, Amex, Apple Pay, Google Pay, PayPal, Union Pay and Shop Pay.<\/p>","highlighted_text":"none","highlighted_scribble":"circle"}},"question_dNM7DC":{"type":"question","settings":{"title":"Can I use the assets on any kind of project?","text":"<p>Yes, of course you can. Would it not be weird if you would not be allowed to? Creating awesome videos with our assets is what we are here for. There is also a commercial license included with your purchase.<\/p>","highlighted_text":"none","highlighted_scribble":"circle"}},"question_EXHPwy":{"type":"question","settings":{"title":"How will I receive my products?","text":"<p>After your purchase you will receive your products in 2 ways:<\/p><p>- First, you will receive a direct download link right after your purchase. With this link you are able to download it directly.<\/p><p>- Next to that you will receive an email with a link which will give you access to the download of your products. Perfect, because you may have bought it on your phone. (Please make sure you use a real and correct email address so that you will receive the goods correctly)<\/p>","highlighted_text":"none","highlighted_scribble":"circle"}},"question_w87bma":{"type":"question","settings":{"title":"Are there future updates to the assets included?","text":"<p>Yes. We update all assets a few times per quarter. We also check whether everything is still working correctly.<\/p>","highlighted_text":"none","highlighted_scribble":"circle"}},"question_9YqbzA":{"type":"question","settings":{"title":"How do I install all the assets?","text":"<p>Our assets are very easy to use. Almost everything is just drag and drop into your timeline. Some assets require a one-time installation, which only takes a few minutes. You can see how to do this in the video installation guide.<\/p><p><br\/>This guide will be sent with your purchase. If you need more help, please contact our support team.<\/p>","highlighted_text":"none","highlighted_scribble":"circle"}}},"block_order":["question_Mcwi3E","question_FQ3CQq","question_gRBcGM","question_KywWkT","question_dNM7DC","question_EXHPwy","question_w87bma","question_9YqbzA"],"name":"t:sections.faq.presets.name","settings":{"style":"with-border","heading":"FAQs","heading_size":"title-md","heading_alignment":"text-center md:items-center","heading_tag":"h2","subheading":"","description":"","button_label":"","button_link":"","button_external":false,"button_icon":true,"highlighted_text":"none","highlighted_scribble":"circle","color_text":"","color_background":"","gradient_background":"","color_highlight":"","gradient_highlight":"","color_button_text":"","color_button_background":"","color_button_gradient":"","color_overlay":"#ffffff","overlay_opacity":4,"padding_top":72,"padding_bottom":72,"divider":false,"narrow":false,"rounded":false}}},"order":["images_with_text_overlay_9Kr7Rm","video_YdiN3A","logo_list_ktJrKh","shop_the_feed_X9P3Ar","1760291761d006f280","image_with_text_AKaEE3","video_with_text_overlay_WGP33m","countdown_timer_9rjkRE","video_with_text_VNbFaC","video_with_text_TW9iep","video_with_text_bgmRqB","video_with_text_yYKPfW","video_with_text_wQBykt","video_with_text_yQHdwD","video_with_text_cJpjgc","video_with_text_fimapb","video_with_text_zRjAf7","rich_text_UkyhVV","collage_4dz4qT","video_with_text_overlay_83TnKQ","faq_Kw9X6X"]}