{
  "sections": {
    "slideshow": {
      "type": "slideshow",
      "blocks": {
        "slide-1": {
          "type": "image",
          "settings": {
            "image": "",
            "image_mobile": "",
            "heading": "IMAGE SLIDE 1",
            "heading_size": "title-md",
            "heading_tag": "h2",
            "button_label": "Shop Now",
            "button_link": "",
            "button_style": "primary",
            "button_icon": false
          }
        },
        "slide-2": {
          "type": "image",
          "settings": {
            "image": "",
            "image_mobile": "",
            "heading": "IMAGE SLIDE 2",
            "heading_size": "title-md",
            "heading_tag": "h2",
            "button_label": "Shop Now",
            "button_link": "",
            "button_style": "primary",
            "button_icon": false
          }
        },
        "slide-3": {
          "type": "video",
          "settings": {
            "video_url": "https:\/\/www.youtube.com\/watch?v=_9VUPq3SxOc",
            "description": "",
            "video_url_mobile": "",
            "heading": "VIDEO SLIDE",
            "heading_size": "title-md",
            "heading_tag": "h2",
            "button_label": "Shop Now",
            "button_link": "",
            "button_style": "primary",
            "button_icon": false
          }
        }
      },
      "block_order": [
        "slide-1",
        "slide-2",
        "slide-3"
      ],
      "settings": {
        "autoplay": false,
        "autoplay_speed": 7,
        "show_navigation": true,
        "image_height": "750px",
        "content_width": "small",
        "image_height_mobile": "500px",
        "color_text": "#ffffff",
        "color_background": "#ffffff",
        "gradient_background": "",
        "color_button_text": "#171717",
        "color_button_background": "#ffffff",
        "color_button_gradient": "",
        "color_overlay": "#000000",
        "padding_top": 0,
        "padding_bottom": 0,
        "divider": false,
        "full_width": true,
        "rounded": false,
        "enable_parallax": false,
        "parallax_direction": "vertical"
      }
    },
    "rich-text-1": {
      "type": "rich-text",
      "blocks": {
        "text": {
          "type": "text",
          "settings": {
            "text": "<p>Use this text to share information about your brand with your customers. Describe a product, share announcements, or welcome customers to your store.<br\/><br\/>Share information about your brand with your customers. Describe a product, share announcements, or welcome customers to your store. Share information about your brand with your customers. Describe a product, share announcements, or welcome customers to your store.<\/p>",
            "text_size": "subtext-md",
            "text_max_size": 32,
            "text_font": "body",
            "secondary_color": false,
            "highlighted_text": "none",
            "highlighted_scribble": "circle"
          }
        }
      },
      "block_order": [
        "text"
      ],
      "settings": {
        "text_alignment": "left",
        "text_alignment_mobile": "left",
        "heading": "Talk about your <em>brand<\/em>",
        "heading_size": "title-md",
        "heading_alignment": "text-left md:items-end md:flex-row",
        "heading_tag": "h2",
        "subheading": "",
        "description": "",
        "button_label": "Our Story",
        "button_link": "",
        "button_icon": true,
        "highlighted_text": "scribble",
        "highlighted_scribble": "basic-underline",
        "color_text": "",
        "color_background": "",
        "gradient_background": "",
        "color_highlight": "",
        "gradient_highlight": "",
        "color_button_text": "",
        "color_button_background": "",
        "color_button_gradient": "",
        "padding_top": 72,
        "padding_bottom": 0,
        "divider": false,
        "narrow": false,
        "rounded": false
      }
    },
    "collection-list": {
      "type": "collection-list",
      "blocks": {
        "collection-1": {
          "type": "collection",
          "settings": {
            "collection": "",
            "image": "",
            "title": "All products",
            "description": "Check out all our products",
            "overlay_content": true,
            "color_text": "#ffffff",
            "color_overlay": "#000000",
            "overlay_opacity": 30
          }
        },
        "collection-2": {
          "type": "collection",
          "settings": {
            "collection": "",
            "image": "",
            "title": "Collection 1",
            "description": "Collection description",
            "overlay_content": false,
            "color_text": "#ffffff",
            "color_overlay": "#000000",
            "overlay_opacity": 40
          }
        },
        "collection-3": {
          "type": "collection",
          "settings": {
            "collection": "",
            "image": "",
            "title": "Collection 2",
            "description": "Collection description",
            "overlay_content": false,
            "color_text": "#ffffff",
            "color_overlay": "#000000",
            "overlay_opacity": 40
          }
        },
        "collection-4": {
          "type": "collection",
          "settings": {
            "collection": "",
            "image": "",
            "title": "Collection 3",
            "description": "Collection description",
            "overlay_content": false,
            "color_text": "#ffffff",
            "color_overlay": "#000000",
            "overlay_opacity": 40
          }
        },
        "collection-5": {
          "type": "collection",
          "settings": {
            "collection": "",
            "image": "",
            "title": "Collection 4",
            "description": "Collection description",
            "overlay_content": false,
            "color_text": "#ffffff",
            "color_overlay": "#000000",
            "overlay_opacity": 40
          }
        },
        "collection-6": {
          "type": "collection",
          "settings": {
            "collection": "",
            "image": "",
            "title": "Collection 5",
            "description": "Collection description",
            "overlay_content": false,
            "color_text": "#ffffff",
            "color_overlay": "#000000",
            "overlay_opacity": 40
          }
        }
      },
      "block_order": [
        "collection-1",
        "collection-2",
        "collection-3",
        "collection-4",
        "collection-5",
        "collection-6"
      ],
      "settings": {
        "columns": 4,
        "carousel_on_desktop": true,
        "image_type": "collection",
        "image_ratio": "square",
        "show_products_count": true,
        "show_view_all": false,
        "columns_mobile": "1",
        "swipe_on_mobile": true,
        "heading": "",
        "heading_size": "title-md",
        "heading_alignment": "text-left md:items-end md:flex-row",
        "heading_tag": "h2",
        "subheading": "",
        "description": "",
        "highlighted_text": "none",
        "highlighted_scribble": "circle",
        "color_text": "",
        "color_background": "",
        "gradient_background": "",
        "color_highlight": "",
        "gradient_highlight": "",
        "color_button_text": "",
        "color_button_background": "",
        "color_button_gradient": "",
        "padding_top": 100,
        "padding_bottom": 100,
        "divider": false,
        "full_width": false,
        "rounded": false
      }
    },
    "video-with-text-overlay": {
      "type": "video-with-text-overlay",
      "blocks": {
        "heading": {
          "type": "heading",
          "settings": {
            "heading": "Video with text overlay",
            "heading_size": "title-md",
            "heading_tag": "h2",
            "highlighted_text": "none",
            "highlighted_scribble": "circle"
          }
        },
        "text": {
          "type": "text",
          "settings": {
            "text": "<p>Give customers details about the banner image(s) or content on the template.<\/p>",
            "text_size": "subtext-md",
            "text_max_size": 32,
            "text_font": "body",
            "secondary_color": true,
            "highlighted_text": "none",
            "highlighted_scribble": "circle"
          }
        },
        "button": {
          "type": "button",
          "settings": {
            "button_label": "Shop Now",
            "button_link": "",
            "button_style": "primary",
            "button_size": "md",
            "button_icon": true
          }
        }
      },
      "block_order": [
        "heading",
        "text",
        "button"
      ],
      "settings": {
        "transparent_header": false,
        "video_url": "https:\/\/www.youtube.com\/watch?v=_9VUPq3SxOc",
        "description": "",
        "enable_video_autoplay": true,
        "enable_video_looping": true,
        "image_height": "750px",
        "content_width": "medium",
        "content_position": "md:items-center md:justify-center",
        "text_alignment": "center",
        "video_url_mobile": "",
        "image_height_mobile": "auto",
        "content_position_mobile": "items-center justify-center",
        "text_alignment_mobile": "center",
        "color_text": "#ffffff",
        "color_highlight": "#e0a580",
        "gradient_highlight": "",
        "color_button_text": "#171717",
        "color_button_background": "#ffffff",
        "color_button_gradient": "",
        "color_overlay": "#000000",
        "overlay_opacity": 50,
        "padding_top": 0,
        "padding_bottom": 0,
        "divider": false,
        "full_width": true,
        "rounded": true
      }
    },
    "featured-product": {
      "type": "featured-product",
      "blocks": {
        "text": {
          "type": "text",
          "settings": {
            "text": "{{ section.settings.product.vendor }}",
            "text_size": "text-base"
          }
        },
        "title": {
          "type": "title",
          "settings": {
            "title_size": "product-title-md",
            "show_price": true,
            "show_rating": true
          }
        },
        "description": {
          "type": "description",
          "settings": {
            "text_size": "text-base"
          }
        },
        "countdown": {
          "type": "countdown",
          "settings": {
            "heading": "Hurry up!",
            "subheading": "Sale end in:",
            "color_text": "#e11d48",
            "color_background": "#fff1f2",
            "gradient_background": ""
          }
        },
        "variant_picker": {
          "type": "variant_picker",
          "settings": {
            "show_variant_labels": true,
            "picker_type": "button",
            "enable_color_swatches": true,
            "color_swatch_type": "color",
            "size_chart": ""
          }
        },
        "inventory": {
          "type": "inventory",
          "settings": {
            "inventory_threshold": 15,
            "show_inventory_transfer": true,
            "color_scheme": "accent-1"
          }
        },
        "buy_buttons": {
          "type": "buy_buttons",
          "settings": {
            "show_quantity_selector": false,
            "show_dynamic_checkout": false,
            "show_gift_card_recipient": false
          }
        },
        "pickup_availability": {
          "type": "pickup_availability",
          "settings": {}
        },
        "share": {
          "type": "share",
          "settings": {
            "share_label": "Share",
            "show_help_desk": true,
            "help_label": "Need help?",
            "help_page": ""
          }
        },
        "read_more": {
          "type": "read_more",
          "settings": {}
        },
        "spinning_text": {
          "type": "spinning_text",
          "settings": {
            "text": "Featured product"
          }
        }
      },
      "block_order": [
        "text",
        "title",
        "description",
        "countdown",
        "variant_picker",
        "inventory",
        "buy_buttons",
        "pickup_availability",
        "share",
        "read_more",
        "spinning_text"
      ],
      "custom_css": [
        "@media screen and (min-width: 1920px) {.featured-product {gap: var(--grid-gap); padding-inline: calc(var(--grid-gap) * 2); }}"
      ],
      "settings": {
        "product": "",
        "enable_sticky_info": true,
        "media_size": 64,
        "gallery_layout": "thumbnail",
        "thumbnail_position": "beside",
        "image_zoom": "lightbox",
        "hide_variants": false,
        "enable_video_autoplay": true,
        "enable_video_looping": true,
        "mobile_layout": "full_width",
        "mobile_thumbnail": false,
        "padding_top": 120,
        "padding_bottom": 0,
        "divider": false,
        "full_width": false,
        "rounded": true
      }
    },
    "image-comparison": {
      "type": "image-comparison",
      "blocks": {
        "image-1": {
          "type": "image",
          "settings": {
            "image": "",
            "subheading": "",
            "heading": "Before image",
            "content_position": "end",
            "color_text": "#ffffff"
          }
        },
        "image-2": {
          "type": "image",
          "settings": {
            "image": "",
            "subheading": "",
            "heading": "After image",
            "content_position": "end",
            "color_text": "#ffffff"
          }
        }
      },
      "block_order": [
        "image-1",
        "image-2"
      ],
      "settings": {
        "layout": "horizontal",
        "image_height": "750px",
        "image_height_mobile": "300px",
        "heading": "<em>Image comparison<\/em>",
        "heading_size": "title-md",
        "heading_alignment": "text-center md:items-center",
        "heading_tag": "h2",
        "subheading": "Add a tagline",
        "description": "",
        "button_label": "",
        "button_link": "",
        "button_icon": true,
        "highlighted_text": "text",
        "highlighted_scribble": "circle",
        "color_text": "",
        "color_background": "",
        "gradient_background": "",
        "color_highlight": "",
        "gradient_highlight": "linear-gradient(90deg, rgba(249, 197, 141, 1), rgba(43, 43, 43, 1) 100%)",
        "color_button_text": "",
        "color_button_background": "",
        "color_button_gradient": "",
        "padding_top": 100,
        "padding_bottom": 0,
        "divider": false,
        "full_width": false,
        "rounded": false
      }
    },
    "rich-text-2": {
      "type": "rich-text",
      "custom_css": [
        "@media screen and (min-width: 1536px) and (max-width: 1920px) {.collage, .collage .title-wrapper {padding-inline: 0; }}",
        "@media screen and (min-width: 1920px) {.collage, .collage .title-wrapper {padding-inline: var(--grid-gap); }}"
      ],
      "settings": {
        "text_alignment": "left",
        "text_alignment_mobile": "left",
        "heading": "Build your <em>Bundle<\/em>",
        "heading_size": "title-md",
        "heading_alignment": "text-left md:items-end md:flex-row",
        "heading_width": "large",
        "heading_tag": "h2",
        "subheading": "",
        "description": "<p>The choice is yours. With our bundle builder, you can select any combination from our range of products. The easiest way to keep everyone happy.<\/p>",
        "button_label": "",
        "button_link": "",
        "button_external": false,
        "button_icon": true,
        "highlighted_text": "scribble",
        "highlighted_scribble": "squiggle-underline",
        "color_text": "",
        "color_background": "",
        "gradient_background": "",
        "color_highlight": "",
        "gradient_highlight": "",
        "color_button_text": "",
        "color_button_background": "",
        "color_button_gradient": "",
        "padding_top": 120,
        "padding_bottom": 52,
        "divider": false,
        "narrow": false,
        "rounded": false
      }
    },
    "product-bundle": {
      "type": "product-bundle",
      "custom_css": [
        "@media screen and (min-width: 1536px) {.product-bundle {flex: 0 0 25%; } .product-bundle__sidebar {width: 100%; }}",
        "@media screen and (min-width: 1920px) {.product-bundle-wrapper {padding-inline: calc(var(--grid-gap) * 2); }}"
      ],
      "settings": {
        "collection": "",
        "products": [],
        "product_limit": 6,
        "columns": 3,
        "columns_mobile": "1",
        "minimum_quantity": 3,
        "maximum_quantity": 3,
        "prevent_duplicate_products": true,
        "allow_quantity_change": true,
        "quantity_increment": "1",
        "quantity_minimum": "1",
        "quantity_maximum": "",
        "show_variant_labels": true,
        "picker_type": "button",
        "enable_color_swatches": true,
        "color_swatch_type": "color",
        "heading": "Your bundle",
        "heading_size": "lg:text-5xl text-2xl",
        "heading_alignment": "text-left",
        "heading_tag": "h2",
        "subheading": "",
        "description": "<p>Add at least 3 products to proceed and Save 30%<\/p>",
        "highlighted_text": "none",
        "highlighted_scribble": "circle",
        "color_text": "",
        "color_background": "",
        "gradient_background": "",
        "color_highlight": "",
        "gradient_highlight": "",
        "color_button_text": "",
        "color_button_background": "",
        "color_button_gradient": "",
        "padding_top": 0,
        "padding_bottom": 0,
        "divider": false,
        "full_width": false,
        "rounded": false
      }
    },
    "scrolling-text-1": {
      "type": "scrolling-text",
      "blocks": {
        "text": {
          "type": "text",
          "settings": {
            "text": "<em><strong>Free shipping and returns<\/strong><\/em>",
            "text_size": 160,
            "text_font": "body",
            "highlighted_text": "stencil",
            "highlighted_scribble": "circle"
          }
        }
      },
      "block_order": [
        "text"
      ],
      "settings": {
        "direction": "left",
        "speed": 20,
        "grid_horizontal": 70,
        "enable_twin": false,
        "enable_parallax": true,
        "color_text": "",
        "color_background": "",
        "gradient_background": "",
        "padding_top": 120,
        "padding_bottom": 120,
        "divider": false,
        "rounded": false
      }
    },
    "shop-the-feed": {
      "type": "shop-the-feed",
      "blocks": {
        "feed-1": {
          "type": "feed",
          "settings": {
            "image": "",
            "video_on_hover": true,
            "account_avatar": "",
            "account_name": "@Concept",
            "account_description": "We cultivate sonic excellence",
            "account_button": "Follow",
            "hotspot_color_text_1": "#ffffff",
            "hotspot_vertical_1": 45,
            "hotspot_horizontal_1": 25,
            "hotspot_product_1": "",
            "hotspot_color_text_2": "#ffffff",
            "hotspot_vertical_2": 30,
            "hotspot_horizontal_2": 60,
            "hotspot_product_2": "",
            "hotspot_color_text_3": "#ffffff",
            "hotspot_vertical_3": 60,
            "hotspot_horizontal_3": 75,
            "hotspot_product_3": "",
            "hotspot_color_text_4": "#ffffff",
            "hotspot_vertical_4": 50,
            "hotspot_horizontal_4": 50,
            "hotspot_product_4": ""
          }
        },
        "feed-2": {
          "type": "feed",
          "settings": {
            "image": "",
            "video_on_hover": true,
            "account_avatar": "",
            "account_name": "@Concept",
            "account_description": "We cultivate sonic excellence",
            "account_button": "Follow",
            "hotspot_color_text_1": "#ffffff",
            "hotspot_vertical_1": 45,
            "hotspot_horizontal_1": 25,
            "hotspot_product_1": "",
            "hotspot_color_text_2": "#ffffff",
            "hotspot_vertical_2": 30,
            "hotspot_horizontal_2": 60,
            "hotspot_product_2": "",
            "hotspot_color_text_3": "#ffffff",
            "hotspot_vertical_3": 60,
            "hotspot_horizontal_3": 75,
            "hotspot_product_3": "",
            "hotspot_color_text_4": "#ffffff",
            "hotspot_vertical_4": 50,
            "hotspot_horizontal_4": 50,
            "hotspot_product_4": ""
          }
        },
        "feed-3": {
          "type": "feed",
          "settings": {
            "image": "",
            "video_on_hover": true,
            "account_avatar": "",
            "account_name": "@Concept",
            "account_description": "We cultivate sonic excellence",
            "account_button": "Follow",
            "hotspot_color_text_1": "#ffffff",
            "hotspot_vertical_1": 45,
            "hotspot_horizontal_1": 25,
            "hotspot_product_1": "",
            "hotspot_color_text_2": "#ffffff",
            "hotspot_vertical_2": 30,
            "hotspot_horizontal_2": 60,
            "hotspot_product_2": "",
            "hotspot_color_text_3": "#ffffff",
            "hotspot_vertical_3": 60,
            "hotspot_horizontal_3": 75,
            "hotspot_product_3": "",
            "hotspot_color_text_4": "#ffffff",
            "hotspot_vertical_4": 50,
            "hotspot_horizontal_4": 50,
            "hotspot_product_4": ""
          }
        },
        "feed-4": {
          "type": "feed",
          "settings": {
            "image": "",
            "video_on_hover": true,
            "account_avatar": "",
            "account_name": "@Concept",
            "account_description": "We cultivate sonic excellence",
            "account_button": "Follow",
            "hotspot_color_text_1": "#ffffff",
            "hotspot_vertical_1": 45,
            "hotspot_horizontal_1": 25,
            "hotspot_product_1": "",
            "hotspot_color_text_2": "#ffffff",
            "hotspot_vertical_2": 30,
            "hotspot_horizontal_2": 60,
            "hotspot_product_2": "",
            "hotspot_color_text_3": "#ffffff",
            "hotspot_vertical_3": 60,
            "hotspot_horizontal_3": 75,
            "hotspot_product_3": "",
            "hotspot_color_text_4": "#ffffff",
            "hotspot_vertical_4": 50,
            "hotspot_horizontal_4": 50,
            "hotspot_product_4": ""
          }
        },
        "feed-5": {
          "type": "feed",
          "settings": {
            "image": "",
            "video_on_hover": true,
            "account_avatar": "",
            "account_name": "@Concept",
            "account_description": "We cultivate sonic excellence",
            "account_button": "Follow",
            "hotspot_color_text_1": "#ffffff",
            "hotspot_vertical_1": 36,
            "hotspot_horizontal_1": 58,
            "hotspot_product_1": "",
            "hotspot_color_text_2": "#ffffff",
            "hotspot_vertical_2": 50,
            "hotspot_horizontal_2": 50,
            "hotspot_product_2": "",
            "hotspot_color_text_3": "#ffffff",
            "hotspot_vertical_3": 50,
            "hotspot_horizontal_3": 50,
            "hotspot_product_3": "",
            "hotspot_color_text_4": "#ffffff",
            "hotspot_vertical_4": 40,
            "hotspot_horizontal_4": 60,
            "hotspot_product_4": ""
          }
        }
      },
      "block_order": [
        "feed-1",
        "feed-2",
        "feed-3",
        "feed-4",
        "feed-5"
      ],
      "settings": {
        "columns": 4,
        "carousel_on_desktop": true,
        "image_ratio": "portrait",
        "columns_mobile": "1",
        "swipe_on_mobile": true,
        "account_avatar": "",
        "account_name": "@Concept",
        "heading": "Shop the <em>Feed<\/em>",
        "heading_size": "title-md",
        "heading_alignment": "text-left md:items-end md:flex-row",
        "heading_tag": "h2",
        "subheading": "",
        "description": "<p>Discover premium audio from our Instagram and shop now.<\/p>",
        "button_label": "Follow",
        "button_link": "",
        "button_external": false,
        "button_icon": false,
        "highlighted_text": "scribble",
        "highlighted_scribble": "squiggle-underline",
        "color_text": "",
        "color_background": "#fafafa",
        "gradient_background": "",
        "color_highlight": "",
        "gradient_highlight": "",
        "color_button_text": "",
        "color_button_background": "",
        "color_button_gradient": "",
        "padding_top": 80,
        "padding_bottom": 100,
        "divider": false,
        "full_width": false,
        "rounded": true
      }
    },
    "countdown-timer": {
      "type": "countdown-timer",
      "blocks": {
        "text": {
          "type": "text",
          "settings": {
            "text": "<p>Countdown timer<\/p>",
            "text_size": "subtext-custom",
            "text_max_size": 32,
            "text_font": "body",
            "secondary_color": false,
            "highlighted_text": "none",
            "highlighted_scribble": "circle"
          }
        },
        "spacing": {
          "type": "spacing",
          "settings": {
            "height": 24,
            "height_mobile": 16
          }
        },
        "timer": {
          "type": "timer",
          "settings": {
            "year": "2026",
            "month": "01",
            "day": "1",
            "hour": "03",
            "minute": "00",
            "text_font": "heading",
            "text_size": "title-lg tracking-heading",
            "message": ""
          }
        },
        "button": {
          "type": "button",
          "settings": {
            "button_label": "Shop Now",
            "button_link": "",
            "button_style": "secondary",
            "button_size": "md",
            "button_icon": true
          }
        }
      },
      "block_order": [
        "text",
        "spacing",
        "timer",
        "button"
      ],
      "settings": {
        "transparent_header": false,
        "image": "",
        "image_height": "750px",
        "content_width": "medium",
        "content_position": "md:items-center md:justify-center",
        "text_alignment": "center",
        "image_mobile": "",
        "image_height_mobile": "500px",
        "content_position_mobile": "items-center justify-center",
        "text_alignment_mobile": "center",
        "color_text": "#ffffff",
        "color_highlight": "#fcd34d",
        "gradient_highlight": "",
        "color_button_text": "#171717",
        "color_button_background": "#ffffff",
        "color_button_gradient": "",
        "color_overlay": "#000000",
        "overlay_opacity": 30,
        "padding_top": 0,
        "padding_bottom": 0,
        "divider": false,
        "full_width": true,
        "rounded": true,
        "enable_parallax": true,
        "parallax_direction": "vertical"
      }
    },
    "shop-the-look": {
      "type": "shop-the-look",
      "blocks": {
        "product-1": {
          "type": "product",
          "settings": {
            "product": "",
            "color_text": "#ffffff",
            "vertical": 35,
            "horizontal": 15,
            "vertical_mobile": 25,
            "horizontal_mobile": 25
          }
        },
        "product-2": {
          "type": "product",
          "settings": {
            "product": "",
            "color_text": "#ffffff",
            "vertical": 65,
            "horizontal": 38,
            "vertical_mobile": 75,
            "horizontal_mobile": 65
          }
        },
        "product-3": {
          "type": "product",
          "settings": {
            "product": "",
            "color_text": "#ffffff",
            "vertical": 50,
            "horizontal": 62,
            "vertical_mobile": 50,
            "horizontal_mobile": 50
          }
        }
      },
      "block_order": [
        "product-1",
        "product-2",
        "product-3"
      ],
      "settings": {
        "image": "",
        "heading": "Shop the <em>look<\/em>",
        "heading_size": "title-sm",
        "heading_alignment": "text-center md:items-center",
        "heading_tag": "h2",
        "subheading": "Add a tagline",
        "description": "",
        "button_label": "",
        "button_link": "",
        "button_icon": true,
        "highlighted_text": "scribble",
        "highlighted_scribble": "squiggle-underline",
        "color_text": "",
        "color_background": "",
        "gradient_background": "",
        "color_highlight": "",
        "gradient_highlight": "",
        "color_button_text": "",
        "color_button_background": "",
        "color_button_gradient": "",
        "color_overlay": "#171717",
        "overlay_opacity": 40,
        "padding_top": 100,
        "padding_bottom": 100,
        "divider": false,
        "full_width": false,
        "rounded": true
      }
    },
    "testimonials-banner": {
      "type": "testimonials-banner",
      "blocks": {
        "testimonial-1": {
          "type": "testimonial",
          "settings": {
            "icon": "quote",
            "text": "<p>Add customer reviews and testimonials to showcase your store’s happy customers.<\/p>",
            "author": "Author's name",
            "image": "",
            "image_ratio": "rounded",
            "highlighted_text": "none",
            "highlighted_scribble": "circle"
          }
        },
        "testimonial-2": {
          "type": "testimonial",
          "settings": {
            "icon": "quote",
            "text": "<p>Add customer reviews and testimonials to showcase your store’s happy customers.<\/p>",
            "author": "Author's name",
            "image": "",
            "image_ratio": "rounded",
            "highlighted_text": "none",
            "highlighted_scribble": "circle"
          }
        },
        "testimonial-3": {
          "type": "testimonial",
          "settings": {
            "icon": "quote",
            "text": "<p>Add customer reviews and testimonials to showcase your store’s happy customers.<\/p>",
            "author": "Author's name",
            "image": "",
            "image_ratio": "rounded",
            "highlighted_text": "none",
            "highlighted_scribble": "circle"
          }
        }
      },
      "block_order": [
        "testimonial-1",
        "testimonial-2",
        "testimonial-3"
      ],
      "settings": {
        "transparent_header": false,
        "image": "",
        "image_height": "750px",
        "content_position": "md:items-center md:justify-center",
        "image_height_mobile": "500px",
        "content_position_mobile": "items-center justify-center",
        "color_text": "#ffffff",
        "color_highlight": "",
        "gradient_highlight": "",
        "color_overlay": "#171717",
        "overlay_opacity": 40,
        "padding_top": 0,
        "padding_bottom": 0,
        "divider": false,
        "rounded": true,
        "enable_parallax": true,
        "parallax_direction": "vertical"
      }
    },
    "featured-collections": {
      "type": "featured-collections",
      "blocks": {
        "collection-1": {
          "type": "collection",
          "settings": {
            "collection": "",
            "products": [],
            "title": "Collection 1"
          }
        },
        "collection-2": {
          "type": "collection",
          "settings": {
            "collection": "",
            "products": [],
            "title": "Collection 2"
          }
        },
        "collection-3": {
          "type": "collection",
          "settings": {
            "collection": "",
            "products": [],
            "title": "Collection 3"
          }
        }
      },
      "block_order": [
        "collection-1",
        "collection-2",
        "collection-3"
      ],
      "settings": {
        "product_limit": 6,
        "columns": 4,
        "carousel_on_desktop": true,
        "show_view_all": false,
        "columns_mobile": "1",
        "swipe_on_mobile": true,
        "heading": "Best Sellers",
        "heading_size": "title-md",
        "heading_alignment": "text-left md:items-end md:flex-row",
        "heading_tag": "h2",
        "subheading": "",
        "description": "",
        "highlighted_text": "none",
        "highlighted_scribble": "circle",
        "color_text": "",
        "color_background": "",
        "gradient_background": "",
        "color_highlight": "",
        "gradient_highlight": "",
        "color_button_text": "",
        "color_button_background": "",
        "color_button_gradient": "",
        "padding_top": 100,
        "padding_bottom": 100,
        "divider": false,
        "full_width": false,
        "rounded": true
      }
    },
    "scrolling-text-2": {
      "type": "scrolling-text",
      "blocks": {
        "image-1": {
          "type": "image",
          "settings": {
            "image": "",
            "height": 60
          }
        },
        "image-2": {
          "type": "image",
          "settings": {
            "image": "",
            "height": 60
          }
        },
        "image-3": {
          "type": "image",
          "settings": {
            "image": "",
            "height": 60
          }
        },
        "image-4": {
          "type": "image",
          "settings": {
            "image": "",
            "height": 60
          }
        },
        "image-5": {
          "type": "image",
          "settings": {
            "image": "",
            "height": 60
          }
        },
        "image-6": {
          "type": "image",
          "settings": {
            "image": "",
            "height": 60
          }
        },
        "image-7": {
          "type": "image",
          "settings": {
            "image": "",
            "height": 60
          }
        }
      },
      "block_order": [
        "image-1",
        "image-2",
        "image-3",
        "image-4",
        "image-5",
        "image-6",
        "image-7"
      ],
      "settings": {
        "direction": "right",
        "speed": 5,
        "grid_horizontal": 140,
        "enable_twin": true,
        "enable_parallax": true,
        "color_text": "",
        "color_background": "#fde68a",
        "gradient_background": "",
        "padding_top": 36,
        "padding_bottom": 36,
        "divider": false,
        "rounded": false
      }
    },
    "blog-posts-collage": {
      "type": "blog-posts-collage",
      "settings": {
        "blog": "",
        "post_limit": 3,
        "show_view_all": true,
        "image_ratio": "landscape",
        "show_tags": true,
        "show_date": true,
        "show_comments": true,
        "show_author": false,
        "show_excerpt": true,
        "heading": "Latest Stories",
        "heading_size": "title-md",
        "heading_alignment": "text-left md:items-end md:flex-row",
        "heading_tag": "h2",
        "subheading": "",
        "description": "",
        "highlighted_text": "none",
        "highlighted_scribble": "circle",
        "color_text": "",
        "color_background": "",
        "gradient_background": "",
        "color_highlight": "",
        "gradient_highlight": "",
        "color_button_text": "",
        "color_button_background": "",
        "color_button_gradient": "",
        "padding_top": 100,
        "padding_bottom": 100,
        "divider": false,
        "full_width": false,
        "rounded": false
      }
    }
  },
  "order": [
    "slideshow",
    "rich-text-1",
    "collection-list",
    "video-with-text-overlay",
    "featured-product",
    "image-comparison",
    "rich-text-2",
    "product-bundle",
    "scrolling-text-1",
    "shop-the-feed",
    "countdown-timer",
    "shop-the-look",
    "testimonials-banner",
    "featured-collections",
    "scrolling-text-2",
    "blog-posts-collage"
  ]
}
