{"sections":{"collage-grid":{"type":"collage-grid","blocks":{"image-1":{"type":"image","settings":{"column_size":4,"row_size":2,"subheading":"Tell your story","heading":"Heading","link":"","invert_subheading_heading":true,"image":"","content_position":"md:items-end md:justify-start","text_alignment":"left","content_position_mobile":"items-end justify-start","text_alignment_mobile":"left","highlighted_text":"none","highlighted_scribble":"circle","color_text":"#ffffff","color_highlight":"","gradient_highlight":"","color_overlay":"#000000","overlay_opacity":30,"image_hover":"","color_text_hover":"#ffffff","color_highlight_hover":"","gradient_highlight_hover":"","color_overlay_hover":"#000000","overlay_opacity_hover":50}},"image-2":{"type":"image","settings":{"column_size":6,"row_size":1,"subheading":"Tell your story","heading":"Heading","link":"","invert_subheading_heading":true,"image":"","content_position":"md:items-end md:justify-start","text_alignment":"left","content_position_mobile":"items-end justify-start","text_alignment_mobile":"left","highlighted_text":"none","highlighted_scribble":"circle","color_text":"#ffffff","color_highlight":"","gradient_highlight":"","color_overlay":"#000000","overlay_opacity":30,"image_hover":"","color_text_hover":"#ffffff","color_highlight_hover":"","gradient_highlight_hover":"","color_overlay_hover":"#000000","overlay_opacity_hover":50}},"image-3":{"type":"image","settings":{"column_size":3,"row_size":1,"subheading":"Tell your story","heading":"Heading","link":"","invert_subheading_heading":true,"image":"","content_position":"md:items-end md:justify-start","text_alignment":"left","content_position_mobile":"items-end justify-start","text_alignment_mobile":"left","highlighted_text":"none","highlighted_scribble":"circle","color_text":"#ffffff","color_highlight":"","gradient_highlight":"","color_overlay":"#000000","overlay_opacity":30,"image_hover":"","color_text_hover":"#ffffff","color_highlight_hover":"","gradient_highlight_hover":"","color_overlay_hover":"#000000","overlay_opacity_hover":50}},"image-4":{"type":"image","settings":{"column_size":3,"row_size":1,"subheading":"Tell your story","heading":"Heading","link":"","invert_subheading_heading":true,"image":"","content_position":"md:items-end md:justify-start","text_alignment":"left","content_position_mobile":"items-end justify-start","text_alignment_mobile":"left","highlighted_text":"none","highlighted_scribble":"circle","color_text":"#ffffff","color_highlight":"","gradient_highlight":"","color_overlay":"#000000","overlay_opacity":30,"image_hover":"","color_text_hover":"#ffffff","color_highlight_hover":"","gradient_highlight_hover":"","color_overlay_hover":"#000000","overlay_opacity_hover":50}}},"block_order":["image-1","image-2","image-3","image-4"],"settings":{"row_height":440,"row_height_mobile":220,"heading":"Multimedia <em>collage<\/em>","heading_size":"title-md","heading_alignment":"text-left md:items-end md:flex-row","heading_tag":"h2","subheading":"","description":"","button_label":"View all","button_link":"","button_icon":false,"highlighted_text":"scribble","highlighted_scribble":"squiggle-underline","color_text":"","color_background":"","gradient_background":"","color_highlight":"#dde7c2","gradient_highlight":"","color_button_text":"","color_button_background":"","color_button_gradient":"","padding_top":72,"padding_bottom":72,"divider":false,"full_width":false,"rounded":false,"enable_parallax":true}},"reveal-image-with-text":{"type":"reveal-image-with-text","settings":{"image":"","image_mobile":"","content_width":"medium","heading":"Share information about your brand with your customers. Describe a product, share announcements, or welcome customers to your store.","heading_size":"title-md","heading_alignment":"text-center","heading_tag":"h2","button_label":"Button label","button_link":"","button_icon":false,"color_text":"","color_button_text":"","color_button_background":"","color_button_gradient":""}},"image-with-text-overlay":{"type":"image-with-text-overlay","blocks":{"heading":{"type":"heading","settings":{"heading":"Image with text overlay","heading_size":"title-lg tracking-heading","heading_tag":"h2","highlighted_text":"none","highlighted_scribble":"circle"}},"text":{"type":"text","settings":{"text":"<p>Pair text with an image to focus on your chosen product, collection, or blog post. Add details on availability, style, or even provide a review.<\/p>","text_size":"subtext-md","text_max_size":32,"text_font":"body","secondary_color":false,"highlighted_text":"none","highlighted_scribble":"circle"}}},"block_order":["heading","text"],"settings":{"transparent_header":false,"image":"","image_height":"750px","content_width":"small","content_position":"md:items-end md:justify-start","text_alignment":"left","image_height_mobile":"auto","content_position_mobile":"items-end justify-start","text_alignment_mobile":"left","color_text":"#ffffff","color_highlight":"#e0a580","gradient_highlight":"","color_button_text":"#171717","color_button_background":"#ffffff","color_button_gradient":"","color_overlay":"#000000","overlay_opacity":30,"padding_top":60,"padding_bottom":0,"divider":false,"full_width":true,"rounded":true,"enable_parallax":true,"parallax_direction":"vertical"}},"product-bundle":{"type":"product-bundle","settings":{"collection":"","products":[],"product_limit":6,"columns":3,"columns_mobile":"1","minimum_quantity":3,"prevent_duplicate_products":true,"allow_quantity_change":true,"quantity_increment":"1","quantity_minimum":"1","quantity_maximum":"","show_variant_labels":true,"picker_type":"button","enable_color_swatches":true,"color_swatch_type":"color","heading":"Your bundle","heading_size":"lg:text-5xl text-2xl","heading_alignment":"text-left","heading_tag":"h2","subheading":"","description":"<p>Add at least 3 products to proceed and Save 30%<\/p>","highlighted_text":"none","highlighted_scribble":"circle","color_text":"","color_background":"","gradient_background":"","color_highlight":"","gradient_highlight":"","color_button_text":"","color_button_background":"","color_button_gradient":"","padding_top":60,"padding_bottom":60,"divider":false,"full_width":false,"rounded":true}},"lookbook":{"type":"lookbook","blocks":{"content-1":{"type":"content","settings":{"icon":"none","icon_image":"","icon_width":24,"heading":"Talk about your brand","text":"<p>Pair text with an image to focus on your chosen product, collection, or blog post. Add details on availability, style, or even provide a review.<\/p>","link":"","color_text":"#ffffff","vertical":60,"horizontal":20,"vertical_mobile":60,"horizontal_mobile":20}},"content-2":{"type":"content","settings":{"icon":"none","icon_image":"","icon_width":24,"heading":"Tell your story","text":"<p>Pair text with an image to focus on your chosen product, collection, or blog post. Add details on availability, style, or even provide a review.<\/p>","link":"","color_text":"#ffffff","vertical":35,"horizontal":35,"vertical_mobile":35,"horizontal_mobile":35}}},"block_order":["content-1","content-2"],"settings":{"image":"","image_mobile":"","heading":"Talk about your brand","heading_size":"title-lg tracking-heading","heading_alignment":"text-left md:items-end md:flex-row","heading_tag":"h2","heading_position":"items-start justify-end text-right","subheading":"","description":"<p>Share information about your brand with your customers. Describe a product, share announcements, or welcome customers to your store.<\/p>","button_label":"Button label","button_link":"","button_icon":false,"highlighted_text":"none","highlighted_scribble":"circle","color_text":"","color_background":"","gradient_background":"","color_highlight":"","gradient_highlight":"","color_button_text":"","color_button_background":"","color_button_gradient":"","color_overlay":"#000000","overlay_opacity":30,"padding_top":0,"padding_bottom":0,"divider":false,"full_width":true,"rounded":true}},"highlight-text":{"type":"highlight-text","blocks":{"heading-1":{"type":"heading","settings":{"heading":"Use this text to","heading_size":"title-lg tracking-heading","heading_tag":"h2","highlighted_text":"none","highlighted_scribble":"circle"}},"line_break-1":{"type":"line_break","settings":{"mobile_disabled":false}},"heading-2":{"type":"heading","settings":{"heading":"share","heading_size":"title-lg tracking-heading","heading_tag":"h2","highlighted_text":"none","highlighted_scribble":"circle"}},"image-1":{"type":"image","settings":{"image":"","image_width":150,"image_height":90,"link":"","image_width_mobile":90,"image_height_mobile":50}},"heading-3":{"type":"heading","settings":{"heading":"information","heading_size":"title-lg tracking-heading","heading_tag":"h2","highlighted_text":"none","highlighted_scribble":"circle"}},"line_break-2":{"type":"line_break","settings":{"mobile_disabled":false}},"heading-4":{"type":"heading","settings":{"heading":"about your brand","heading_size":"title-lg tracking-heading","heading_tag":"h2","highlighted_text":"none","highlighted_scribble":"circle"}},"line_break-3":{"type":"line_break","settings":{"mobile_disabled":true}},"heading-5":{"type":"heading","settings":{"heading":"with your","heading_size":"title-lg tracking-heading","heading_tag":"h2","highlighted_text":"none","highlighted_scribble":"circle"}},"image-2":{"type":"image","settings":{"image":"","image_width":150,"image_height":90,"link":"","image_width_mobile":90,"image_height_mobile":50}},"heading-6":{"type":"heading","settings":{"heading":"customers.","heading_size":"title-lg tracking-heading","heading_tag":"h2","highlighted_text":"none","highlighted_scribble":"circle"}}},"block_order":["heading-1","line_break-1","heading-2","image-1","heading-3","line_break-2","heading-4","line_break-3","heading-5","image-2","heading-6"],"settings":{"text_alignment":"center","text_alignment_mobile":"center","heading":"","heading_size":"title-md","heading_alignment":"text-left md:items-end md:flex-row","heading_tag":"h2","subheading":"","description":"","button_label":"","button_link":"","button_icon":true,"highlighted_text":"none","highlighted_scribble":"circle","color_text":"","color_background":"","gradient_background":"","color_highlight":"","gradient_highlight":"","color_button_text":"","color_button_background":"","color_button_gradient":"","padding_top":120,"padding_bottom":100,"divider":false,"narrow":false,"rounded":true}},"featured-product":{"type":"featured-product","blocks":{"vendor":{"type":"text","settings":{"text":"{{ section.settings.product.vendor }}","text_size":"text-base"}},"title":{"type":"title","settings":{"title_size":"product-title-md","title_size_mobile":"product-title-md","show_price":true,"show_rating":true}},"excerpt":{"type":"text","settings":{"text":"This area is used to describe your product’s details. Tell customers about the look, feel, and style of your product. Add details on color, materials used, sizing, and where it was made.","text_size":"text-base"}},"variant_picker":{"type":"variant_picker","settings":{"show_variant_labels":true,"picker_type":"button","enable_color_swatches":true,"color_swatch_type":"color","size_chart":""}},"inventory":{"type":"inventory","settings":{"inventory_threshold":10,"show_inventory_transfer":true,"color_scheme":"accent-1"}},"buy_buttons":{"type":"buy_buttons","settings":{"show_quantity_selector":true,"show_dynamic_checkout":true,"show_gift_card_recipient":true}},"pickup_availability":{"type":"pickup_availability","settings":{}},"share":{"type":"share","settings":{"share_label":"Share","show_help_desk":true,"help_label":"Need help?","help_page":""}},"read_more":{"type":"read_more","settings":{}},"spinning_text":{"type":"spinning_text","settings":{"text":"Featured product"}}},"block_order":["vendor","title","excerpt","variant_picker","inventory","buy_buttons","pickup_availability","share","read_more","spinning_text"],"settings":{"product":"","enable_sticky_info":true,"media_size":66,"gallery_layout":"columns","thumbnail_position":"beside","image_ratio":"adapt_first","image_zoom":"lightbox","hide_variants":false,"enable_video_autoplay":false,"enable_video_looping":false,"mobile_layout":"full_width","image_ratio_mobile":"adapt_first","mobile_thumbnail":false,"padding_top":100,"padding_bottom":60,"divider":false,"full_width":false,"rounded":true}},"featured-collection":{"type":"featured-collection","settings":{"collection":"","products":[],"product_limit":6,"columns":4,"carousel_on_desktop":true,"show_view_all":false,"columns_mobile":"1","swipe_on_mobile":true,"heading":"Featured collection","heading_size":"title-md","heading_alignment":"text-left md:items-end md:flex-row","heading_tag":"h2","subheading":"","description":"<p>Use this text to share information about your brand with your customers. Describe a product, share announcements, or welcome customers to your store.<\/p>","highlighted_text":"none","highlighted_scribble":"circle","color_text":"","color_background":"","gradient_background":"","color_highlight":"","gradient_highlight":"","color_button_text":"","color_button_background":"","color_button_gradient":"","padding_top":40,"padding_bottom":72,"divider":false,"full_width":false,"rounded":true}},"reveal-video-with-text-overlay":{"type":"reveal-video-with-text-overlay","blocks":{"heading":{"type":"heading","settings":{"heading":"Reveal video with text overlay","heading_size":"title-md","heading_tag":"h2","highlighted_text":"none","highlighted_scribble":"circle"}},"text":{"type":"text","settings":{"text":"<p>Pair text with an image to focus on your chosen product, collection, or blog post. Add details on availability, style, or even provide a review.<\/p>","text_size":"subtext-md","text_max_size":32,"text_font":"body","secondary_color":false,"highlighted_text":"none","highlighted_scribble":"circle"}},"button":{"type":"button","settings":{"button_label":"Button label","button_link":"","button_style":"primary","button_size":"md","button_icon":false}}},"block_order":["heading","text","button"],"settings":{"video_url":"https:\/\/www.youtube.com\/watch?v=_9VUPq3SxOc","cover_image":"","description":"","content_width":"small","content_position":"md:items-end md:justify-start","text_alignment":"left","video_url_mobile":"","content_position_mobile":"items-end justify-start","text_alignment_mobile":"left","color_text":"#ffffff","color_highlight":"","gradient_highlight":"","color_button_text":"#000000","color_button_background":"#ffffff","color_button_gradient":"","color_overlay":"#000000","overlay_opacity":50}},"images-with-text":{"type":"images-with-text","blocks":{"subheading":{"type":"subheading","settings":{"subheading":"Tagline","subheading_size":"subtitle-md","secondary_color":false}},"heading":{"type":"heading","settings":{"heading":"Share information about your brand with your customers. Describe a product, share announcements, or welcome customers to your store.","heading_size":"title-md","heading_tag":"h2","highlighted_text":"none","highlighted_scribble":"circle"}},"button":{"type":"button","settings":{"button_label":"Button label","button_link":"","button_style":"secondary","button_size":"md","button_icon":false}}},"block_order":["subheading","heading","button"],"settings":{"image":"","image_2":"","image_ratio":"portrait","image_width":"medium","layout":"image_first","text_alignment":"left","text_alignment_mobile":"left","color_text":"","color_background":"","gradient_background":"linear-gradient(180deg, rgba(255, 255, 255, 1), rgba(250, 247, 247, 1) 100%)","color_highlight":"","gradient_highlight":"","color_button_text":"","color_button_background":"","color_button_gradient":"","padding_top":100,"padding_bottom":100,"divider":false,"full_width":false,"rounded":true,"enable_parallax":true}},"shop-the-feed":{"type":"shop-the-feed","blocks":{"feed-1":{"type":"feed","settings":{"image":"","video_on_hover":true,"account_avatar":"","account_name":"@Concept","account_description":"A space that feels just right","account_button":"Follow","hotspot_color_text_1":"#ffffff","hotspot_vertical_1":45,"hotspot_horizontal_1":25,"hotspot_product_1":"","hotspot_color_text_2":"#ffffff","hotspot_vertical_2":30,"hotspot_horizontal_2":60,"hotspot_product_2":"","hotspot_color_text_3":"#ffffff","hotspot_vertical_3":60,"hotspot_horizontal_3":75,"hotspot_product_3":"","hotspot_color_text_4":"#ffffff","hotspot_vertical_4":50,"hotspot_horizontal_4":50,"hotspot_product_4":""}},"feed-2":{"type":"feed","settings":{"image":"","video_on_hover":true,"account_avatar":"","account_name":"@Concept","account_description":"A space that feels just right","account_button":"Follow","hotspot_color_text_1":"#ffffff","hotspot_vertical_1":45,"hotspot_horizontal_1":25,"hotspot_product_1":"","hotspot_color_text_2":"#ffffff","hotspot_vertical_2":30,"hotspot_horizontal_2":60,"hotspot_product_2":"","hotspot_color_text_3":"#ffffff","hotspot_vertical_3":60,"hotspot_horizontal_3":75,"hotspot_product_3":"","hotspot_color_text_4":"#ffffff","hotspot_vertical_4":50,"hotspot_horizontal_4":50,"hotspot_product_4":""}},"feed-3":{"type":"feed","settings":{"image":"","video_on_hover":true,"account_avatar":"","account_name":"@Concept","account_description":"A space that feels just right","account_button":"Follow","hotspot_color_text_1":"#ffffff","hotspot_vertical_1":45,"hotspot_horizontal_1":25,"hotspot_product_1":"","hotspot_color_text_2":"#ffffff","hotspot_vertical_2":30,"hotspot_horizontal_2":60,"hotspot_product_2":"","hotspot_color_text_3":"#ffffff","hotspot_vertical_3":60,"hotspot_horizontal_3":75,"hotspot_product_3":"","hotspot_color_text_4":"#ffffff","hotspot_vertical_4":50,"hotspot_horizontal_4":50,"hotspot_product_4":""}},"feed-4":{"type":"feed","settings":{"image":"","video_on_hover":true,"account_avatar":"","account_name":"@Concept","account_description":"A space that feels just right","account_button":"Follow","hotspot_color_text_1":"#ffffff","hotspot_vertical_1":45,"hotspot_horizontal_1":25,"hotspot_product_1":"","hotspot_color_text_2":"#ffffff","hotspot_vertical_2":30,"hotspot_horizontal_2":60,"hotspot_product_2":"","hotspot_color_text_3":"#ffffff","hotspot_vertical_3":60,"hotspot_horizontal_3":75,"hotspot_product_3":"","hotspot_color_text_4":"#ffffff","hotspot_vertical_4":50,"hotspot_horizontal_4":50,"hotspot_product_4":""}},"feed-5":{"type":"feed","settings":{"image":"","video_on_hover":true,"account_avatar":"","account_name":"@Concept","account_description":"A space that feels just right","account_button":"Follow","hotspot_color_text_1":"#ffffff","hotspot_vertical_1":36,"hotspot_horizontal_1":58,"hotspot_product_1":"","hotspot_color_text_2":"#ffffff","hotspot_vertical_2":50,"hotspot_horizontal_2":50,"hotspot_product_2":"","hotspot_color_text_3":"#ffffff","hotspot_vertical_3":50,"hotspot_horizontal_3":50,"hotspot_product_3":"","hotspot_color_text_4":"#ffffff","hotspot_vertical_4":40,"hotspot_horizontal_4":60,"hotspot_product_4":""}}},"block_order":["feed-1","feed-2","feed-3","feed-4","feed-5"],"settings":{"columns":4,"carousel_on_desktop":true,"image_ratio":"portrait","columns_mobile":"1","swipe_on_mobile":true,"account_name":"","heading":"Shop the <em>Feed<\/em>","heading_size":"title-md","heading_alignment":"text-left md:items-end md:flex-row","heading_tag":"h2","subheading":"","description":"<p>Discover the curated elegance of our premium furniture from our Instagram gallery.<\/p>","button_label":"Follow us @Concept","button_link":"https:\/\/www.instagram.com\/","button_external":false,"button_icon":true,"highlighted_text":"scribble","highlighted_scribble":"squiggle-underline","color_text":"","color_background":"#faf7f7","gradient_background":"","color_highlight":"","gradient_highlight":"","color_button_text":"","color_button_background":"","color_button_gradient":"","padding_top":72,"padding_bottom":100,"divider":false,"full_width":false,"rounded":false}},"reveal-testimonials":{"type":"reveal-testimonials","blocks":{"testimonial-1":{"type":"testimonial","settings":{"icon":"quote","text":"<p>Add customer reviews and testimonials to showcase your store’s happy customers.<\/p>","author":"Author's name","author_info":"Author info","image":"","image_ratio":"rounded","highlighted_text":"none","highlighted_scribble":"circle"}},"testimonial-2":{"type":"testimonial","settings":{"icon":"quote","text":"<p>Add customer reviews and testimonials to showcase your store’s happy customers.<\/p>","author":"Author's name","author_info":"Author info","image":"","image_ratio":"rounded","highlighted_text":"none","highlighted_scribble":"circle"}},"testimonial-3":{"type":"testimonial","settings":{"icon":"quote","text":"<p>Add customer reviews and testimonials to showcase your store’s happy customers.<\/p>","author":"Author's name","author_info":"Author info","image":"","image_ratio":"rounded","highlighted_text":"none","highlighted_scribble":"circle"}},"testimonial-4":{"type":"testimonial","settings":{"icon":"quote","text":"<p>Add customer reviews and testimonials to showcase your store’s happy customers.<\/p>","author":"Author's name","author_info":"Author info","image":"","image_ratio":"rounded","highlighted_text":"none","highlighted_scribble":"circle"}},"testimonial-5":{"type":"testimonial","settings":{"icon":"quote","text":"<p>Add customer reviews and testimonials to showcase your store’s happy customers.<\/p>","author":"Author's name","author_info":"Author info","image":"","image_ratio":"rounded","highlighted_text":"none","highlighted_scribble":"circle"}}},"block_order":["testimonial-1","testimonial-2","testimonial-3","testimonial-4","testimonial-5"],"settings":{"heading":"What people are saying","heading_size":"title-xl tracking-heading","heading_tag":"h2","color_text":"","color_background":"#faf7f7","gradient_background":"","color_highlight":"","gradient_highlight":"","color_button_text":"","color_button_background":"","color_button_gradient":"","padding_top":72,"padding_bottom":100,"divider":false,"rounded":false}},"portfolio":{"type":"portfolio","blocks":{"profile-1":{"type":"profile","settings":{"image":"","heading":"Heading 1","text":"<p>Use this text to share information about your brand with your customers. Describe a product, share announcements, or welcome customers to your store.<br>Use this text to share information about your brand with your customers. Describe a product, share announcements, or welcome customers to your store.<br>Use this text to share information about your brand with your customers. Describe a product, share announcements, or welcome customers to your store.<\/p>","color_text":"#ffffff","color_background":"#000000"}},"profile-2":{"type":"profile","settings":{"image":"","heading":"Heading 2","text":"<p>Use this text to share information about your brand with your customers. Describe a product, share announcements, or welcome customers to your store.<br>Use this text to share information about your brand with your customers. Describe a product, share announcements, or welcome customers to your store.<br>Use this text to share information about your brand with your customers. Describe a product, share announcements, or welcome customers to your store.<\/p>","color_text":"#ffffff","color_background":"#000000"}},"profile-3":{"type":"profile","settings":{"image":"","heading":"Heading 3","text":"<p>Use this text to share information about your brand with your customers. Describe a product, share announcements, or welcome customers to your store.<br>Use this text to share information about your brand with your customers. Describe a product, share announcements, or welcome customers to your store.<br>Use this text to share information about your brand with your customers. Describe a product, share announcements, or welcome customers to your store.<\/p>","color_text":"#ffffff","color_background":"#000000"}},"profile-4":{"type":"profile","settings":{"image":"","heading":"Heading 4","text":"<p>Use this text to share information about your brand with your customers. Describe a product, share announcements, or welcome customers to your store.<br>Use this text to share information about your brand with your customers. Describe a product, share announcements, or welcome customers to your store.<br>Use this text to share information about your brand with your customers. Describe a product, share announcements, or welcome customers to your store.<\/p>","color_text":"#ffffff","color_background":"#000000"}}},"block_order":["profile-1","profile-2","profile-3","profile-4"],"settings":{"columns":4,"carousel_on_desktop":true,"layout":"default","image_ratio":"portrait","image_ratio_mobile":"portrait","columns_mobile":"1","swipe_on_mobile":true,"heading":"Our <em>Work<\/em>","heading_size":"title-md","heading_alignment":"text-left justify-start","heading_tag":"h2","subheading":"","description":"<p>Use this text to share information about your brand with your customers. Describe a product, share announcements, or welcome customers to your store.<\/p>","button_label":"View all","button_link":"","button_icon":false,"highlighted_text":"scribble","highlighted_scribble":"squiggle-underline","color_text":"","color_background":"","gradient_background":"","color_highlight":"#dde7c2","gradient_highlight":"","color_button_text":"","color_button_background":"","color_button_gradient":"","padding_top":100,"padding_bottom":60,"divider":false,"full_width":false,"rounded":true}}},"order":["collage-grid","reveal-image-with-text","image-with-text-overlay","product-bundle","lookbook","highlight-text","featured-product","featured-collection","reveal-video-with-text-overlay","images-with-text","shop-the-feed","reveal-testimonials","portfolio"]}