{"order":["slideshow","rich-text-1","collection-list","video-with-text-overlay","featured-product","image-comparison","rich-text-2","product-bundle","scrolling-text-1","shop-the-feed","countdown-timer","shop-the-look","testimonials-banner","featured-collections","scrolling-text-2","blog-posts-collage"],"sections":{"blog-posts-collage":{"settings":{"blog":"","color_background":"","color_button_background":"","color_button_gradient":"","color_button_text":"","color_highlight":"","color_text":"","description":"","divider":false,"full_width":false,"gradient_background":"","gradient_highlight":"","heading":"Latest Stories","heading_alignment":"text-left md:items-end md:flex-row","heading_size":"title-md","heading_tag":"h2","highlighted_scribble":"circle","highlighted_text":"none","image_ratio":"landscape","padding_bottom":100,"padding_top":100,"post_limit":3,"rounded":false,"show_author":false,"show_comments":true,"show_date":true,"show_excerpt":true,"show_tags":true,"show_view_all":true,"subheading":""},"type":"blog-posts-collage"},"collection-list":{"block_order":["collection-1","collection-2","collection-3","collection-4","collection-5","collection-6"],"blocks":{"collection-1":{"settings":{"collection":"","color_overlay":"#000000","color_text":"#ffffff","description":"Check out all our products","image":"","overlay_content":true,"overlay_opacity":30,"title":"All products"},"type":"collection"},"collection-2":{"settings":{"collection":"","color_overlay":"#000000","color_text":"#ffffff","description":"Collection description","image":"","overlay_content":false,"overlay_opacity":40,"title":"Collection 1"},"type":"collection"},"collection-3":{"settings":{"collection":"","color_overlay":"#000000","color_text":"#ffffff","description":"Collection description","image":"","overlay_content":false,"overlay_opacity":40,"title":"Collection 2"},"type":"collection"},"collection-4":{"settings":{"collection":"","color_overlay":"#000000","color_text":"#ffffff","description":"Collection description","image":"","overlay_content":false,"overlay_opacity":40,"title":"Collection 3"},"type":"collection"},"collection-5":{"settings":{"collection":"","color_overlay":"#000000","color_text":"#ffffff","description":"Collection description","image":"","overlay_content":false,"overlay_opacity":40,"title":"Collection 4"},"type":"collection"},"collection-6":{"settings":{"collection":"","color_overlay":"#000000","color_text":"#ffffff","description":"Collection description","image":"","overlay_content":false,"overlay_opacity":40,"title":"Collection 5"},"type":"collection"}},"settings":{"carousel_on_desktop":true,"color_background":"","color_button_background":"","color_button_gradient":"","color_button_text":"","color_highlight":"","color_text":"","columns":4,"columns_mobile":"1","description":"","divider":false,"full_width":false,"gradient_background":"","gradient_highlight":"","heading":"","heading_alignment":"text-left md:items-end md:flex-row","heading_size":"title-md","heading_tag":"h2","highlighted_scribble":"circle","highlighted_text":"none","image_ratio":"square","image_type":"collection","padding_bottom":100,"padding_top":100,"rounded":false,"show_products_count":true,"show_view_all":false,"subheading":"","swipe_on_mobile":true},"type":"collection-list"},"countdown-timer":{"block_order":["text","spacing","timer","button"],"blocks":{"button":{"settings":{"button_icon":true,"button_label":"Shop Now","button_link":"","button_size":"md","button_style":"secondary"},"type":"button"},"spacing":{"settings":{"height":24,"height_mobile":16},"type":"spacing"},"text":{"settings":{"highlighted_scribble":"circle","highlighted_text":"none","secondary_color":false,"text":"\u003cp\u003eCountdown timer\u003c/p\u003e","text_font":"body","text_max_size":32,"text_size":"subtext-custom"},"type":"text"},"timer":{"settings":{"day":"1","hour":"03","message":"","minute":"00","month":"01","text_font":"heading","text_size":"title-lg tracking-heading","year":"2026"},"type":"timer"}},"settings":{"color_button_background":"#ffffff","color_button_gradient":"","color_button_text":"#171717","color_highlight":"#fcd34d","color_overlay":"#000000","color_text":"#ffffff","content_position":"md:items-center md:justify-center","content_position_mobile":"items-center justify-center","content_width":"medium","divider":false,"enable_parallax":true,"full_width":true,"gradient_highlight":"","image":"","image_height":"750px","image_height_mobile":"500px","image_mobile":"","overlay_opacity":30,"padding_bottom":0,"padding_top":0,"parallax_direction":"vertical","rounded":true,"text_alignment":"center","text_alignment_mobile":"center","transparent_header":false},"type":"countdown-timer"},"featured-collections":{"block_order":["collection-1","collection-2","collection-3"],"blocks":{"collection-1":{"settings":{"collection":"","products":[],"title":"Collection 1"},"type":"collection"},"collection-2":{"settings":{"collection":"","products":[],"title":"Collection 2"},"type":"collection"},"collection-3":{"settings":{"collection":"","products":[],"title":"Collection 3"},"type":"collection"}},"settings":{"carousel_on_desktop":true,"color_background":"","color_button_background":"","color_button_gradient":"","color_button_text":"","color_highlight":"","color_text":"","columns":4,"columns_mobile":"1","description":"","divider":false,"full_width":false,"gradient_background":"","gradient_highlight":"","heading":"Best Sellers","heading_alignment":"text-left md:items-end md:flex-row","heading_size":"title-md","heading_tag":"h2","highlighted_scribble":"circle","highlighted_text":"none","padding_bottom":100,"padding_top":100,"product_limit":6,"rounded":true,"show_view_all":false,"subheading":"","swipe_on_mobile":true},"type":"featured-collections"},"featured-product":{"block_order":["text","title","description","countdown","variant_picker","inventory","buy_buttons","pickup_availability","share","read_more","spinning_text"],"blocks":{"buy_buttons":{"settings":{"show_dynamic_checkout":false,"show_gift_card_recipient":false,"show_quantity_selector":false},"type":"buy_buttons"},"countdown":{"settings":{"color_background":"#fff1f2","color_text":"#e11d48","gradient_background":"","heading":"Hurry up!","subheading":"Sale end in:"},"type":"countdown"},"description":{"settings":{"text_size":"text-base"},"type":"description"},"inventory":{"settings":{"color_scheme":"accent-1","inventory_threshold":15,"show_inventory_transfer":true},"type":"inventory"},"pickup_availability":{"settings":{},"type":"pickup_availability"},"read_more":{"settings":{},"type":"read_more"},"share":{"settings":{"help_label":"Need help?","help_page":"","share_label":"Share","show_help_desk":true},"type":"share"},"spinning_text":{"settings":{"text":"Featured product"},"type":"spinning_text"},"text":{"settings":{"text":"{{ section.settings.product.vendor }}","text_size":"text-base"},"type":"text"},"title":{"settings":{"show_price":true,"show_rating":true,"title_size":"product-title-md"},"type":"title"},"variant_picker":{"settings":{"color_swatch_type":"color","enable_color_swatches":true,"picker_type":"button","show_variant_labels":true,"size_chart":""},"type":"variant_picker"}},"custom_css":["@media screen and (min-width: 1920px) {.featured-product {gap: var(--grid-gap); padding-inline: calc(var(--grid-gap) * 2); }}"],"settings":{"divider":false,"enable_sticky_info":true,"enable_video_autoplay":true,"enable_video_looping":true,"full_width":false,"gallery_layout":"thumbnail","hide_variants":false,"image_zoom":"lightbox","media_size":64,"mobile_layout":"full_width","mobile_thumbnail":false,"padding_bottom":0,"padding_top":120,"product":"","rounded":true,"thumbnail_position":"beside"},"type":"featured-product"},"image-comparison":{"block_order":["image-1","image-2"],"blocks":{"image-1":{"settings":{"color_text":"#ffffff","content_position":"end","heading":"Before image","image":"","subheading":""},"type":"image"},"image-2":{"settings":{"color_text":"#ffffff","content_position":"end","heading":"After image","image":"","subheading":""},"type":"image"}},"settings":{"button_icon":true,"button_label":"","button_link":"","color_background":"","color_button_background":"","color_button_gradient":"","color_button_text":"","color_highlight":"","color_text":"","description":"","divider":false,"full_width":false,"gradient_background":"","gradient_highlight":"linear-gradient(90deg, rgba(249, 197, 141, 1), rgba(43, 43, 43, 1) 100%)","heading":"\u003cem\u003eImage comparison\u003c/em\u003e","heading_alignment":"text-center md:items-center","heading_size":"title-md","heading_tag":"h2","highlighted_scribble":"circle","highlighted_text":"text","image_height":"750px","image_height_mobile":"300px","layout":"horizontal","padding_bottom":0,"padding_top":100,"rounded":false,"subheading":"Add a tagline"},"type":"image-comparison"},"product-bundle":{"custom_css":["@media screen and (min-width: 1536px) {.product-bundle {flex: 0 0 25%; } .product-bundle__sidebar {width: 100%; }}","@media screen and (min-width: 1920px) {.product-bundle-wrapper {padding-inline: calc(var(--grid-gap) * 2); }}"],"settings":{"allow_quantity_change":true,"collection":"","color_background":"","color_button_background":"","color_button_gradient":"","color_button_text":"","color_highlight":"","color_swatch_type":"color","color_text":"","columns":3,"columns_mobile":"1","description":"\u003cp\u003eAdd at least 3 products to proceed and Save 30%\u003c/p\u003e","divider":false,"enable_color_swatches":true,"full_width":false,"gradient_background":"","gradient_highlight":"","heading":"Your bundle","heading_alignment":"text-left","heading_size":"lg:text-5xl text-2xl","heading_tag":"h2","highlighted_scribble":"circle","highlighted_text":"none","maximum_quantity":3,"minimum_quantity":3,"padding_bottom":0,"padding_top":0,"picker_type":"button","prevent_duplicate_products":true,"product_limit":6,"products":[],"quantity_increment":"1","quantity_maximum":"","quantity_minimum":"1","rounded":false,"show_variant_labels":true,"subheading":""},"type":"product-bundle"},"rich-text-1":{"block_order":["text"],"blocks":{"text":{"settings":{"highlighted_scribble":"circle","highlighted_text":"none","secondary_color":false,"text":"\u003cp\u003eUse this text to share information about your brand with your customers. Describe a product, share announcements, or welcome customers to your store.\u003cbr/\u003e\u003cbr/\u003eShare information about your brand with your customers. Describe a product, share announcements, or welcome customers to your store. Share information about your brand with your customers. Describe a product, share announcements, or welcome customers to your store.\u003c/p\u003e","text_font":"body","text_max_size":32,"text_size":"subtext-md"},"type":"text"}},"settings":{"button_icon":true,"button_label":"Our Story","button_link":"","color_background":"","color_button_background":"","color_button_gradient":"","color_button_text":"","color_highlight":"","color_text":"","description":"","divider":false,"gradient_background":"","gradient_highlight":"","heading":"Talk about your \u003cem\u003ebrand\u003c/em\u003e","heading_alignment":"text-left md:items-end md:flex-row","heading_size":"title-md","heading_tag":"h2","highlighted_scribble":"basic-underline","highlighted_text":"scribble","narrow":false,"padding_bottom":0,"padding_top":72,"rounded":false,"subheading":"","text_alignment":"left","text_alignment_mobile":"left"},"type":"rich-text"},"rich-text-2":{"custom_css":["@media screen and (min-width: 1536px) and (max-width: 1920px) {.collage, .collage .title-wrapper {padding-inline: 0; }}","@media screen and (min-width: 1920px) {.collage, .collage .title-wrapper {padding-inline: var(--grid-gap); }}"],"settings":{"button_external":false,"button_icon":true,"button_label":"","button_link":"","color_background":"","color_button_background":"","color_button_gradient":"","color_button_text":"","color_highlight":"","color_text":"","description":"\u003cp\u003eThe choice is yours. With our bundle builder, you can select any combination from our range of products. The easiest way to keep everyone happy.\u003c/p\u003e","divider":false,"gradient_background":"","gradient_highlight":"","heading":"Build your \u003cem\u003eBundle\u003c/em\u003e","heading_alignment":"text-left md:items-end md:flex-row","heading_size":"title-md","heading_tag":"h2","heading_width":"large","highlighted_scribble":"squiggle-underline","highlighted_text":"scribble","narrow":false,"padding_bottom":52,"padding_top":120,"rounded":false,"subheading":"","text_alignment":"left","text_alignment_mobile":"left"},"type":"rich-text"},"scrolling-text-1":{"block_order":["text"],"blocks":{"text":{"settings":{"highlighted_scribble":"circle","highlighted_text":"stencil","text":"\u003cem\u003e\u003cstrong\u003eFree shipping and returns\u003c/strong\u003e\u003c/em\u003e","text_font":"body","text_size":160},"type":"text"}},"settings":{"color_background":"","color_text":"","direction":"left","divider":false,"enable_parallax":true,"enable_twin":false,"gradient_background":"","grid_horizontal":70,"padding_bottom":120,"padding_top":120,"rounded":false,"speed":20},"type":"scrolling-text"},"scrolling-text-2":{"block_order":["image-1","image-2","image-3","image-4","image-5","image-6","image-7"],"blocks":{"image-1":{"settings":{"height":60,"image":""},"type":"image"},"image-2":{"settings":{"height":60,"image":""},"type":"image"},"image-3":{"settings":{"height":60,"image":""},"type":"image"},"image-4":{"settings":{"height":60,"image":""},"type":"image"},"image-5":{"settings":{"height":60,"image":""},"type":"image"},"image-6":{"settings":{"height":60,"image":""},"type":"image"},"image-7":{"settings":{"height":60,"image":""},"type":"image"}},"settings":{"color_background":"#fde68a","color_text":"","direction":"right","divider":false,"enable_parallax":true,"enable_twin":true,"gradient_background":"","grid_horizontal":140,"padding_bottom":36,"padding_top":36,"rounded":false,"speed":5},"type":"scrolling-text"},"shop-the-feed":{"block_order":["feed-1","feed-2","feed-3","feed-4","feed-5"],"blocks":{"feed-1":{"settings":{"account_avatar":"","account_button":"Follow","account_description":"We cultivate sonic excellence","account_name":"@Concept","hotspot_color_text_1":"#ffffff","hotspot_color_text_2":"#ffffff","hotspot_color_text_3":"#ffffff","hotspot_color_text_4":"#ffffff","hotspot_horizontal_1":25,"hotspot_horizontal_2":60,"hotspot_horizontal_3":75,"hotspot_horizontal_4":50,"hotspot_product_1":"","hotspot_product_2":"","hotspot_product_3":"","hotspot_product_4":"","hotspot_vertical_1":45,"hotspot_vertical_2":30,"hotspot_vertical_3":60,"hotspot_vertical_4":50,"image":"","video_on_hover":true},"type":"feed"},"feed-2":{"settings":{"account_avatar":"","account_button":"Follow","account_description":"We cultivate sonic excellence","account_name":"@Concept","hotspot_color_text_1":"#ffffff","hotspot_color_text_2":"#ffffff","hotspot_color_text_3":"#ffffff","hotspot_color_text_4":"#ffffff","hotspot_horizontal_1":25,"hotspot_horizontal_2":60,"hotspot_horizontal_3":75,"hotspot_horizontal_4":50,"hotspot_product_1":"","hotspot_product_2":"","hotspot_product_3":"","hotspot_product_4":"","hotspot_vertical_1":45,"hotspot_vertical_2":30,"hotspot_vertical_3":60,"hotspot_vertical_4":50,"image":"","video_on_hover":true},"type":"feed"},"feed-3":{"settings":{"account_avatar":"","account_button":"Follow","account_description":"We cultivate sonic excellence","account_name":"@Concept","hotspot_color_text_1":"#ffffff","hotspot_color_text_2":"#ffffff","hotspot_color_text_3":"#ffffff","hotspot_color_text_4":"#ffffff","hotspot_horizontal_1":25,"hotspot_horizontal_2":60,"hotspot_horizontal_3":75,"hotspot_horizontal_4":50,"hotspot_product_1":"","hotspot_product_2":"","hotspot_product_3":"","hotspot_product_4":"","hotspot_vertical_1":45,"hotspot_vertical_2":30,"hotspot_vertical_3":60,"hotspot_vertical_4":50,"image":"","video_on_hover":true},"type":"feed"},"feed-4":{"settings":{"account_avatar":"","account_button":"Follow","account_description":"We cultivate sonic excellence","account_name":"@Concept","hotspot_color_text_1":"#ffffff","hotspot_color_text_2":"#ffffff","hotspot_color_text_3":"#ffffff","hotspot_color_text_4":"#ffffff","hotspot_horizontal_1":25,"hotspot_horizontal_2":60,"hotspot_horizontal_3":75,"hotspot_horizontal_4":50,"hotspot_product_1":"","hotspot_product_2":"","hotspot_product_3":"","hotspot_product_4":"","hotspot_vertical_1":45,"hotspot_vertical_2":30,"hotspot_vertical_3":60,"hotspot_vertical_4":50,"image":"","video_on_hover":true},"type":"feed"},"feed-5":{"settings":{"account_avatar":"","account_button":"Follow","account_description":"We cultivate sonic excellence","account_name":"@Concept","hotspot_color_text_1":"#ffffff","hotspot_color_text_2":"#ffffff","hotspot_color_text_3":"#ffffff","hotspot_color_text_4":"#ffffff","hotspot_horizontal_1":58,"hotspot_horizontal_2":50,"hotspot_horizontal_3":50,"hotspot_horizontal_4":60,"hotspot_product_1":"","hotspot_product_2":"","hotspot_product_3":"","hotspot_product_4":"","hotspot_vertical_1":36,"hotspot_vertical_2":50,"hotspot_vertical_3":50,"hotspot_vertical_4":40,"image":"","video_on_hover":true},"type":"feed"}},"settings":{"account_avatar":"","account_name":"@Concept","button_external":false,"button_icon":false,"button_label":"Follow","button_link":"","carousel_on_desktop":true,"color_background":"#fafafa","color_button_background":"","color_button_gradient":"","color_button_text":"","color_highlight":"","color_text":"","columns":4,"columns_mobile":"1","description":"\u003cp\u003eDiscover premium audio from our Instagram and shop now.\u003c/p\u003e","divider":false,"full_width":false,"gradient_background":"","gradient_highlight":"","heading":"Shop the \u003cem\u003eFeed\u003c/em\u003e","heading_alignment":"text-left md:items-end md:flex-row","heading_size":"title-md","heading_tag":"h2","highlighted_scribble":"squiggle-underline","highlighted_text":"scribble","image_ratio":"portrait","padding_bottom":100,"padding_top":80,"rounded":true,"subheading":"","swipe_on_mobile":true},"type":"shop-the-feed"},"shop-the-look":{"block_order":["product-1","product-2","product-3"],"blocks":{"product-1":{"settings":{"color_text":"#ffffff","horizontal":15,"horizontal_mobile":25,"product":"","vertical":35,"vertical_mobile":25},"type":"product"},"product-2":{"settings":{"color_text":"#ffffff","horizontal":38,"horizontal_mobile":65,"product":"","vertical":65,"vertical_mobile":75},"type":"product"},"product-3":{"settings":{"color_text":"#ffffff","horizontal":62,"horizontal_mobile":50,"product":"","vertical":50,"vertical_mobile":50},"type":"product"}},"settings":{"button_icon":true,"button_label":"","button_link":"","color_background":"","color_button_background":"","color_button_gradient":"","color_button_text":"","color_highlight":"","color_overlay":"#171717","color_text":"","description":"","divider":false,"full_width":false,"gradient_background":"","gradient_highlight":"","heading":"Shop the \u003cem\u003elook\u003c/em\u003e","heading_alignment":"text-center md:items-center","heading_size":"title-sm","heading_tag":"h2","highlighted_scribble":"squiggle-underline","highlighted_text":"scribble","image":"","overlay_opacity":40,"padding_bottom":100,"padding_top":100,"rounded":true,"subheading":"Add a tagline"},"type":"shop-the-look"},"slideshow":{"block_order":["slide-1","slide-2","slide-3"],"blocks":{"slide-1":{"settings":{"button_icon":false,"button_label":"Shop Now","button_link":"","button_style":"primary","heading":"IMAGE SLIDE 1","heading_size":"title-md","heading_tag":"h2","image":"","image_mobile":""},"type":"image"},"slide-2":{"settings":{"button_icon":false,"button_label":"Shop Now","button_link":"","button_style":"primary","heading":"IMAGE SLIDE 2","heading_size":"title-md","heading_tag":"h2","image":"","image_mobile":""},"type":"image"},"slide-3":{"settings":{"button_icon":false,"button_label":"Shop Now","button_link":"","button_style":"primary","description":"","heading":"VIDEO SLIDE","heading_size":"title-md","heading_tag":"h2","video_url":"https://www.youtube.com/watch?v=_9VUPq3SxOc","video_url_mobile":""},"type":"video"}},"settings":{"autoplay":false,"autoplay_speed":7,"color_background":"#ffffff","color_button_background":"#ffffff","color_button_gradient":"","color_button_text":"#171717","color_overlay":"#000000","color_text":"#ffffff","content_width":"small","divider":false,"enable_parallax":false,"full_width":true,"gradient_background":"","image_height":"750px","image_height_mobile":"500px","padding_bottom":0,"padding_top":0,"parallax_direction":"vertical","rounded":false,"show_navigation":true},"type":"slideshow"},"testimonials-banner":{"block_order":["testimonial-1","testimonial-2","testimonial-3"],"blocks":{"testimonial-1":{"settings":{"author":"Author's name","highlighted_scribble":"circle","highlighted_text":"none","icon":"quote","image":"","image_ratio":"rounded","text":"\u003cp\u003eAdd customer reviews and testimonials to showcase your store’s happy customers.\u003c/p\u003e"},"type":"testimonial"},"testimonial-2":{"settings":{"author":"Author's name","highlighted_scribble":"circle","highlighted_text":"none","icon":"quote","image":"","image_ratio":"rounded","text":"\u003cp\u003eAdd customer reviews and testimonials to showcase your store’s happy customers.\u003c/p\u003e"},"type":"testimonial"},"testimonial-3":{"settings":{"author":"Author's name","highlighted_scribble":"circle","highlighted_text":"none","icon":"quote","image":"","image_ratio":"rounded","text":"\u003cp\u003eAdd customer reviews and testimonials to showcase your store’s happy customers.\u003c/p\u003e"},"type":"testimonial"}},"settings":{"color_highlight":"","color_overlay":"#171717","color_text":"#ffffff","content_position":"md:items-center md:justify-center","content_position_mobile":"items-center justify-center","divider":false,"enable_parallax":true,"gradient_highlight":"","image":"","image_height":"750px","image_height_mobile":"500px","overlay_opacity":40,"padding_bottom":0,"padding_top":0,"parallax_direction":"vertical","rounded":true,"transparent_header":false},"type":"testimonials-banner"},"video-with-text-overlay":{"block_order":["heading","text","button"],"blocks":{"button":{"settings":{"button_icon":true,"button_label":"Shop Now","button_link":"","button_size":"md","button_style":"primary"},"type":"button"},"heading":{"settings":{"heading":"Video with text overlay","heading_size":"title-md","heading_tag":"h2","highlighted_scribble":"circle","highlighted_text":"none"},"type":"heading"},"text":{"settings":{"highlighted_scribble":"circle","highlighted_text":"none","secondary_color":true,"text":"\u003cp\u003eGive customers details about the banner image(s) or content on the template.\u003c/p\u003e","text_font":"body","text_max_size":32,"text_size":"subtext-md"},"type":"text"}},"settings":{"color_button_background":"#ffffff","color_button_gradient":"","color_button_text":"#171717","color_highlight":"#e0a580","color_overlay":"#000000","color_text":"#ffffff","content_position":"md:items-center md:justify-center","content_position_mobile":"items-center justify-center","content_width":"medium","description":"","divider":false,"enable_video_autoplay":true,"enable_video_looping":true,"full_width":true,"gradient_highlight":"","image_height":"750px","image_height_mobile":"auto","overlay_opacity":50,"padding_bottom":0,"padding_top":0,"rounded":true,"text_alignment":"center","text_alignment_mobile":"center","transparent_header":false,"video_url":"https://www.youtube.com/watch?v=_9VUPq3SxOc","video_url_mobile":""},"type":"video-with-text-overlay"}}}