{
  "sections": {
    "main-page": {
      "type": "main-page",
      "disabled": true,
      "settings": {
        "heading_size": "title-xl tracking-heading",
        "heading_alignment": "text-left",
        "heading_tag": "h1",
        "text_size": "text-base",
        "padding_top": 72,
        "padding_bottom": 120,
        "divider": false,
        "narrow": true,
        "rounded": false
      }
    },
    "image-with-text-overlay": {
      "type": "image-with-text-overlay",
      "blocks": {
        "breadcrumb": {
          "type": "breadcrumb",
          "settings": {}
        },
        "heading": {
          "type": "heading",
          "settings": {
            "heading": "Build Your Bundle",
            "heading_size": "title-xl tracking-heading",
            "heading_tag": "h2",
            "highlighted_text": "none",
            "highlighted_scribble": "circle"
          }
        }
      },
      "block_order": [
        "breadcrumb",
        "heading"
      ],
      "settings": {
        "transparent_header": true,
        "image": "",
        "image_height": "750px",
        "content_width": "large",
        "content_position": "md:items-end md:justify-start",
        "text_alignment": "left",
        "image_height_mobile": "auto",
        "content_position_mobile": "items-end justify-start",
        "text_alignment_mobile": "left",
        "color_text": "#ffffff",
        "color_highlight": "#e0a580",
        "gradient_highlight": "",
        "color_button_text": "#171717",
        "color_button_background": "#ffffff",
        "color_button_gradient": "",
        "color_overlay": "#000000",
        "overlay_opacity": 40,
        "padding_top": 0,
        "padding_bottom": 0,
        "divider": false,
        "full_width": true,
        "rounded": false,
        "enable_parallax": true,
        "parallax_direction": "vertical"
      }
    },
    "rich-text": {
      "type": "rich-text",
      "custom_css": [
        "@media screen and (min-width: 1536px) {.collage, .collage .title-wrapper {padding-inline: 0; }}"
      ],
      "settings": {
        "text_alignment": "left",
        "text_alignment_mobile": "left",
        "heading": "Buy 3 and <em>save 30%</em>",
        "heading_size": "title-sm",
        "heading_alignment": "text-left md:items-end md:flex-row",
        "heading_width": "large",
        "heading_tag": "h2",
        "subheading": "",
        "description": "<p>The choice is yours. With our bundle builder, you can select any combination from our range of products. The easiest way to keep everyone happy.</p>",
        "button_label": "",
        "button_link": "",
        "button_external": false,
        "button_icon": true,
        "highlighted_text": "scribble",
        "highlighted_scribble": "squiggle-underline",
        "color_text": "",
        "color_background": "",
        "gradient_background": "",
        "color_highlight": "",
        "gradient_highlight": "",
        "color_button_text": "",
        "color_button_background": "",
        "color_button_gradient": "",
        "padding_top": 100,
        "padding_bottom": 28,
        "divider": false,
        "narrow": false,
        "rounded": true
      }
    },
    "product-bundle": {
      "type": "product-bundle",
      "custom_css": [
        "@media screen and (min-width: 1536px) {.product-bundle {flex: 0 0 25%; } .product-bundle__sidebar {width: 100%; }}"
      ],
      "settings": {
        "collection": "",
        "products": [],
        "product_limit": 6,
        "columns": 3,
        "columns_mobile": "1",
        "minimum_quantity": 3,
        "maximum_quantity": 3,
        "prevent_duplicate_products": true,
        "allow_quantity_change": true,
        "quantity_increment": "1",
        "quantity_minimum": "1",
        "quantity_maximum": "",
        "show_variant_labels": true,
        "picker_type": "button",
        "enable_color_swatches": true,
        "color_swatch_type": "color",
        "heading": "Your bundle",
        "heading_size": "lg:text-5xl text-2xl",
        "heading_alignment": "text-left",
        "heading_tag": "h2",
        "subheading": "",
        "description": "",
        "highlighted_text": "none",
        "highlighted_scribble": "circle",
        "color_text": "",
        "color_background": "",
        "gradient_background": "",
        "color_highlight": "",
        "gradient_highlight": "",
        "color_button_text": "",
        "color_button_background": "",
        "color_button_gradient": "",
        "padding_top": 24,
        "padding_bottom": 100,
        "divider": false,
        "full_width": false,
        "rounded": false
      }
    },
    "floating-product-bundle": {
      "type": "floating-product-bundle",
      "blocks": {
        "icon": {
          "type": "icon",
          "settings": {
            "icon": "none",
            "icon_image": "",
            "icon_width": 48
          }
        },
        "heading": {
          "type": "heading",
          "settings": {
            "heading": "Create Your Bundle",
            "heading_size": "title-md",
            "heading_tag": "h2",
            "highlighted_text": "none",
            "highlighted_scribble": "circle"
          }
        },
        "text": {
          "type": "text",
          "settings": {
            "text": "<p>Save $30 when buying all 3 items</p>",
            "text_size": "subtext-md",
            "text_max_size": 32,
            "text_font": "body",
            "secondary_color": false,
            "highlighted_text": "none",
            "highlighted_scribble": "circle"
          }
        }
      },
      "block_order": [
        "icon",
        "heading",
        "text"
      ],
      "settings": {
        "collection": "",
        "products": [],
        "product_limit": 3,
        "image": "",
        "image_height": "900px",
        "layout": "image_first",
        "content_position": "md:items-end",
        "text_alignment": "left",
        "image_height_mobile": "400px",
        "content_position_mobile": "items-center",
        "text_alignment_mobile": "center",
        "swipe_on_mobile": true,
        "show_variant_labels": true,
        "picker_type": "button",
        "enable_color_swatches": true,
        "color_swatch_type": "color",
        "color_text": "#ffffff",
        "color_highlight": "",
        "gradient_highlight": "",
        "color_button_text": "#171717",
        "color_button_background": "#ffffff",
        "color_button_gradient": "",
        "color_overlay": "#000000",
        "overlay_opacity": 40,
        "padding_top": 0,
        "padding_bottom": 0,
        "divider": false,
        "full_width": true,
        "rounded": true,
        "enable_parallax": false,
        "parallax_direction": "vertical"
      }
    },
    "compact-product-bundle": {
      "type": "compact-product-bundle",
      "blocks": {
        "icon": {
          "type": "icon",
          "settings": {
            "icon": "none",
            "icon_image": "",
            "icon_width": 48
          }
        },
        "heading": {
          "type": "heading",
          "settings": {
            "heading": "Create Your Bundle",
            "heading_size": "title-md",
            "heading_tag": "h2",
            "highlighted_text": "none",
            "highlighted_scribble": "circle"
          }
        },
        "text": {
          "type": "text",
          "settings": {
            "text": "<p>Save $30 when buying all 3 items</p>",
            "text_size": "subtext-md",
            "text_max_size": 32,
            "text_font": "body",
            "secondary_color": false,
            "highlighted_text": "none",
            "highlighted_scribble": "circle"
          }
        }
      },
      "block_order": [
        "icon",
        "heading",
        "text"
      ],
      "settings": {
        "collection": "",
        "products": [],
        "product_limit": 3,
        "image": "",
        "layout": "text_first",
        "content_position": "md:items-end",
        "text_alignment": "right",
        "image_height_mobile": "400px",
        "content_position_mobile": "items-center",
        "text_alignment_mobile": "center",
        "swipe_on_mobile": true,
        "show_variant_labels": true,
        "picker_type": "button",
        "enable_color_swatches": true,
        "color_swatch_type": "color",
        "color_text": "",
        "color_background": "",
        "gradient_background": "",
        "color_highlight": "",
        "gradient_highlight": "",
        "color_button_text": "",
        "color_button_background": "",
        "color_button_gradient": "",
        "color_overlay": "#000000",
        "overlay_opacity": 40,
        "padding_top": 100,
        "padding_bottom": 100,
        "divider": false,
        "full_width": false,
        "rounded": true,
        "enable_parallax": false,
        "parallax_direction": "vertical"
      }
    }
  },
  "order": [
    "main-page",
    "image-with-text-overlay",
    "rich-text",
    "product-bundle",
    "floating-product-bundle",
    "compact-product-bundle"
  ]
}
