{
  "sections": {
    "main-page": {
      "type": "main-page",
      "disabled": true,
      "settings": {
        "heading_size": "title-xl tracking-heading",
        "heading_alignment": "text-left",
        "heading_tag": "h1",
        "text_size": "text-base",
        "padding_top": 72,
        "padding_bottom": 120,
        "divider": false,
        "narrow": true,
        "rounded": false
      }
    },
    "image-with-text": {
      "type": "image-with-text",
      "blocks": {
        "text": {
          "type": "text",
          "settings": {
            "text": "<p>Add a tagline</p>",
            "text_size": "subtext-md",
            "text_max_size": 32,
            "text_font": "body",
            "secondary_color": true,
            "highlighted_text": "none",
            "highlighted_scribble": "circle"
          }
        },
        "heading": {
          "type": "heading",
          "settings": {
            "heading": "Tel your story",
            "heading_size": "title-xl tracking-heading",
            "heading_tag": "h2",
            "highlighted_text": "none",
            "highlighted_scribble": "circle"
          }
        }
      },
      "block_order": [
        "text",
        "heading"
      ],
      "custom_css": [
        "@media screen and (min-width: 1536px) {.image-with-text {padding-inline: calc(var(--grid-gap) * 2); }}"
      ],
      "settings": {
        "image": "",
        "image_height": "750px",
        "image_width": "medium",
        "layout": "text_first",
        "text_alignment": "left",
        "content_position": "align-self-end",
        "image_height_mobile": "auto",
        "text_alignment_mobile": "left",
        "color_text": "",
        "color_background": "",
        "gradient_background": "",
        "color_background_2": "",
        "gradient_background_2": "",
        "color_highlight": "",
        "gradient_highlight": "",
        "color_button_text": "",
        "color_button_background": "",
        "color_button_gradient": "",
        "padding_top": 60,
        "padding_bottom": 40,
        "divider": false,
        "full_width": false,
        "rounded": false,
        "enable_parallax": false,
        "parallax_direction": "vertical"
      }
    },
    "multicolumn": {
      "type": "multicolumn",
      "blocks": {
        "column-1": {
          "type": "column",
          "settings": {
            "show_border": false,
            "text_alignment": "left",
            "text_alignment_mobile": "left",
            "image_ratio": "adapt",
            "heading": "",
            "heading_size": "text-lg-2xl",
            "text": "<p>Use this text to share information about your brand with your customers. Describe a product, share announcements, or welcome customers to your store.</p><p>Share information about your brand with your customers. Describe a product, share announcements, or welcome customers to your store.</p>",
            "button_label": "",
            "button_link": "",
            "button_icon": true,
            "highlighted_text": "none",
            "highlighted_scribble": "circle"
          }
        },
        "column-2": {
          "type": "column",
          "settings": {
            "show_border": false,
            "text_alignment": "left",
            "text_alignment_mobile": "left",
            "image_ratio": "adapt",
            "heading": "",
            "heading_size": "text-lg-2xl",
            "text": "<p>Use this text to share information about your brand with your customers. Describe a product, share announcements, or welcome customers to your store.</p><p>Share information about your brand with your customers. Describe a product, share announcements, or welcome customers to your store.</p>",
            "button_label": "",
            "button_link": "",
            "button_icon": true,
            "highlighted_text": "none",
            "highlighted_scribble": "circle"
          }
        }
      },
      "block_order": [
        "column-1",
        "column-2"
      ],
      "custom_css": [
        "@media screen and (min-width: 1536px) {.multicolumn {padding-inline: calc(var(--grid-gap) * 2); }}"
      ],
      "settings": {
        "gap": "large",
        "columns": 2,
        "columns_mobile": "1",
        "swipe_on_mobile": true,
        "heading": "",
        "heading_size": "title-md",
        "heading_alignment": "text-center md:items-center",
        "heading_tag": "h2",
        "subheading": "",
        "description": "",
        "button_label": "",
        "button_link": "",
        "button_icon": true,
        "highlighted_text": "none",
        "highlighted_scribble": "circle",
        "color_text": "",
        "color_background": "",
        "gradient_background": "",
        "color_highlight": "",
        "gradient_highlight": "",
        "color_button_text": "",
        "color_button_background": "",
        "color_button_gradient": "",
        "padding_top": 40,
        "padding_bottom": 80,
        "divider": false,
        "full_width": false,
        "rounded": false
      }
    },
    "images-with-text": {
      "type": "images-with-text",
      "blocks": {
        "icon": {
          "type": "icon",
          "settings": {
            "icon": "none",
            "icon_image": "",
            "icon_width": 48
          }
        },
        "heading": {
          "type": "heading",
          "settings": {
            "heading": "Give customers details about the banner image(s) or content on the template.",
            "heading_size": "title-sm",
            "heading_tag": "h2",
            "highlighted_text": "none",
            "highlighted_scribble": "circle"
          }
        },
        "text": {
          "type": "text",
          "settings": {
            "text": "<p><em>— Add a tagline</em></p>",
            "text_size": "subtext-md",
            "text_max_size": 32,
            "text_font": "body",
            "secondary_color": false,
            "highlighted_text": "none",
            "highlighted_scribble": "circle"
          }
        }
      },
      "block_order": [
        "icon",
        "heading",
        "text"
      ],
      "settings": {
        "image": "",
        "image_2": "",
        "image_ratio": "portrait",
        "image_width": "medium",
        "layout": "image_first",
        "text_alignment": "center",
        "text_alignment_mobile": "center",
        "color_text": "",
        "color_background": "#faf7f7",
        "gradient_background": "",
        "color_highlight": "",
        "gradient_highlight": "",
        "color_button_text": "",
        "color_button_background": "",
        "color_button_gradient": "",
        "padding_top": 100,
        "padding_bottom": 100,
        "divider": false,
        "full_width": false,
        "rounded": true,
        "enable_parallax": true
      }
    },
    "featured-collection": {
      "type": "featured-collection",
      "settings": {
        "collection": "",
        "products": [
        ],
        "product_limit": 4,
        "columns": 4,
        "carousel_on_desktop": true,
        "show_view_all": false,
        "columns_mobile": "1",
        "swipe_on_mobile": true,
        "heading": "Featured collection",
        "heading_size": "title-md",
        "heading_alignment": "text-left md:items-end md:flex-row",
        "heading_tag": "h2",
        "subheading": "",
        "description": "",
        "highlighted_text": "none",
        "highlighted_scribble": "circle",
        "color_text": "",
        "color_background": "",
        "gradient_background": "",
        "color_highlight": "",
        "gradient_highlight": "",
        "color_button_text": "",
        "color_button_background": "",
        "color_button_gradient": "",
        "padding_top": 100,
        "padding_bottom": 40,
        "divider": false,
        "full_width": false,
        "rounded": true
      }
    }
  },
  "order": [
    "main-page",
    "image-with-text",
    "multicolumn",
    "images-with-text",
    "featured-collection"
  ]
}