{
  "sections": {
    "main": {
      "type": "main-page",
      "disabled": true,
      "settings": {
        "heading_size": "title-xl",
        "heading_tag": "h1",
        "text_size": "text-base",
        "padding_top": 72,
        "padding_bottom": 120,
        "divider": false,
        "narrow": true,
        "rounded": false
      }
    },
    "rich-text": {
      "type": "rich-text",
      "blocks": {
        "heading": {
          "type": "heading",
          "settings": {
            "heading": "FAQ's",
            "heading_size": "title-xl tracking-heading",
            "heading_tag": "h2",
            "highlighted_text": "none",
            "highlighted_scribble": "circle"
          }
        },
        "text": {
          "type": "text",
          "settings": {
            "text": "<p>Welcome to our FAQ, we are so happy to have you here and as a client. <br\/>We have tried to answer the most common questions.</p>",
            "text_size": "subtext-md",
            "highlighted_text": "none",
            "highlighted_scribble": "circle"
          }
        }
      },
      "block_order": [
        "heading",
        "text"
      ],
      "settings": {
        "text_alignment": "left",
        "text_alignment_mobile": "left",
        "heading": "",
        "heading_size": "title-md",
        "heading_alignment": "text-left md:items-end md:flex-row",
        "heading_tag": "h2",
        "subheading": "",
        "description": "",
        "button_label": "",
        "button_link": "",
        "button_icon": true,
        "highlighted_text": "none",
        "highlighted_scribble": "circle",
        "color_text": "",
        "color_background": "",
        "gradient_background": "",
        "color_highlight": "",
        "gradient_highlight": "",
        "color_button_text": "",
        "color_button_background": "",
        "color_button_gradient": "",
        "padding_top": 72,
        "padding_bottom": 0,
        "divider": false,
        "narrow": false,
        "rounded": false
      }
    },
    "empty-space": {
      "type": "empty-space",
      "settings": {
        "desktop_height": 120,
        "mobile_height": 44,
        "color_background": "",
        "gradient_background": ""
      }
    },
    "faq": {
      "type": "faq",
      "blocks": {
        "rich-text-1": {
          "type": "rich-text",
          "settings": {
            "heading": "Shipping & Returns",
            "text": "<p>Below are some common questions about shipping, returns, and exchanges</p>",
            "highlighted_text": "none",
            "highlighted_scribble": "circle"
          }
        },
        "question-1": {
          "type": "question",
          "settings": {
            "title": "Frequently asked question",
            "text": "<p>Use this text to answer questions in as much detail as possible for your customers.</p>",
            "highlighted_text": "none",
            "highlighted_scribble": "circle"
          }
        },
        "question-2": {
          "type": "question",
          "settings": {
            "title": "Frequently asked question",
            "text": "<p>Use this text to answer questions in as much detail as possible for your customers.</p>",
            "highlighted_text": "none",
            "highlighted_scribble": "circle"
          }
        },
        "question-4": {
          "type": "question",
          "settings": {
            "title": "Frequently asked question",
            "text": "<p>Use this text to answer questions in as much detail as possible for your customers.</p>",
            "highlighted_text": "none",
            "highlighted_scribble": "circle"
          }
        },
        "question-5": {
          "type": "question",
          "settings": {
            "title": "Frequently asked question",
            "text": "<p>Use this text to answer questions in as much detail as possible for your customers.</p>",
            "highlighted_text": "none",
            "highlighted_scribble": "circle"
          }
        },
        "rich-text-2": {
          "type": "rich-text",
          "settings": {
            "heading": "Orders",
            "text": "<p>Below are some of are common questions about orders</p>",
            "highlighted_text": "none",
            "highlighted_scribble": "circle"
          }
        },
        "question-6": {
          "type": "question",
          "settings": {
            "title": "Frequently asked question",
            "text": "<p>Use this text to answer questions in as much detail as possible for your customers.</p>",
            "highlighted_text": "none",
            "highlighted_scribble": "circle"
          }
        },
        "question-7": {
          "type": "question",
          "settings": {
            "title": "Frequently asked question",
            "text": "<p>Use this text to answer questions in as much detail as possible for your customers.</p>",
            "highlighted_text": "none",
            "highlighted_scribble": "circle"
          }
        },
        "question-8": {
          "type": "question",
          "settings": {
            "title": "Frequently asked question",
            "text": "<p>Use this text to answer questions in as much detail as possible for your customers.</p>",
            "highlighted_text": "none",
            "highlighted_scribble": "circle"
          }
        },
        "question-9": {
          "type": "question",
          "settings": {
            "title": "Frequently asked question",
            "text": "<p>Use this text to answer questions in as much detail as possible for your customers.</p>",
            "highlighted_text": "none",
            "highlighted_scribble": "circle"
          }
        },
        "rich-text-3": {
          "type": "rich-text",
          "settings": {
            "heading": "Products",
            "text": "<p>Below are some common questions about our products</p>",
            "highlighted_text": "none",
            "highlighted_scribble": "circle"
          }
        },
        "question-10": {
          "type": "question",
          "settings": {
            "title": "Frequently asked question",
            "text": "<p>Use this text to answer questions in as much detail as possible for your customers.</p>",
            "highlighted_text": "none",
            "highlighted_scribble": "circle"
          }
        },
        "question-11": {
          "type": "question",
          "settings": {
            "title": "Frequently asked question",
            "text": "<p>Use this text to answer questions in as much detail as possible for your customers.</p>",
            "highlighted_text": "none",
            "highlighted_scribble": "circle"
          }
        },
        "question-12": {
          "type": "question",
          "settings": {
            "title": "Frequently asked question",
            "text": "<p>Use this text to answer questions in as much detail as possible for your customers.</p>",
            "highlighted_text": "none",
            "highlighted_scribble": "circle"
          }
        },
        "contact": {
          "type": "contact",
          "settings": {
            "heading": "Didn’t find your answer?",
            "text": "<p>Don't hestitate to contact us</p>",
            "show_phone": false,
            "avatar_height": 60,
            "highlighted_text": "none",
            "highlighted_scribble": "circle"
          }
        }
      },
      "block_order": [
        "rich-text-1",
        "question-1",
        "question-2",
        "question-4",
        "question-5",
        "rich-text-2",
        "question-6",
        "question-7",
        "question-8",
        "question-9",
        "rich-text-3",
        "question-10",
        "question-11",
        "question-12",
        "contact"
      ],
      "settings": {
        "style": "with-border",
        "heading": "",
        "heading_size": "title-md",
        "heading_alignment": "text-left md:items-end md:flex-row",
        "heading_tag": "h2",
        "subheading": "",
        "description": "",
        "button_label": "",
        "button_link": "",
        "button_icon": true,
        "highlighted_text": "none",
        "highlighted_scribble": "circle",
        "color_text": "",
        "color_background": "",
        "gradient_background": "",
        "color_highlight": "",
        "gradient_highlight": "",
        "color_button_text": "",
        "color_button_background": "",
        "color_button_gradient": "",
        "padding_top": 0,
        "padding_bottom": 120,
        "divider": false,
        "narrow": false,
        "rounded": false
      }
    }
  },
  "order": [
    "main",
    "rich-text",
    "empty-space",
    "faq"
  ]
}