{"sections":{"main-page":{"type":"main-page","disabled":true,"settings":{"heading_size":"title-xl tracking-heading","heading_alignment":"text-left","heading_tag":"h1","text_size":"text-base","padding_top":72,"padding_bottom":120,"divider":false,"narrow":true,"rounded":false}},"rich-text":{"type":"rich-text","blocks":{"heading":{"type":"heading","settings":{"heading":"Example title","heading_size":"title-xl tracking-heading","heading_tag":"h2","highlighted_text":"none","highlighted_scribble":"circle"}},"text":{"type":"text","settings":{"text":"<p>Use this section to explain a set of product features, to link to a series of pages, or to answer common questions about your products.<\/p>","text_size":"subtext-lg","text_max_size":32,"text_font":"body","secondary_color":false,"highlighted_text":"none","highlighted_scribble":"circle"}}},"block_order":["heading","text"],"settings":{"text_alignment":"center","text_alignment_mobile":"center","heading":"","heading_size":"title-md","heading_alignment":"text-left md:items-end md:flex-row","heading_width":"small","heading_tag":"h2","subheading":"","description":"","button_label":"","button_link":"","button_icon":true,"highlighted_text":"none","highlighted_scribble":"circle","color_text":"","color_background":"","gradient_background":"","color_highlight":"","gradient_highlight":"","color_button_text":"","color_button_background":"","color_button_gradient":"","padding_top":28,"padding_bottom":32,"divider":false,"narrow":true,"rounded":false}},"multicolumn-1":{"type":"multicolumn","blocks":{"column-1":{"type":"column","settings":{"show_border":false,"text_alignment":"left","text_alignment_mobile":"left","image":"","image_ratio":"portrait","heading":"Heading 1","heading_size":"text-2xl lg:text-3xl","text":"<p>Pair text with an image to focus on your chosen product, collection, or blog post. Add details on availability, style, or even provide a review.<\/p>","button_label":"","button_link":"","button_icon":true,"highlighted_text":"none","highlighted_scribble":"circle"}},"column-2":{"type":"column","settings":{"show_border":false,"text_alignment":"left","text_alignment_mobile":"left","image":"","image_ratio":"portrait","heading":"Heading 2","heading_size":"text-2xl lg:text-3xl","text":"<p>Pair text with an image to focus on your chosen product, collection, or blog post. Add details on availability, style, or even provide a review.<\/p>","button_label":"","button_link":"","button_icon":true,"highlighted_text":"none","highlighted_scribble":"circle"}},"column-3":{"type":"column","settings":{"show_border":false,"text_alignment":"left","text_alignment_mobile":"left","image":"","image_ratio":"portrait","heading":"Heading 3","heading_size":"text-2xl lg:text-3xl","text":"<p>Pair text with an image to focus on your chosen product, collection, or blog post. Add details on availability, style, or even provide a review.<\/p>","button_label":"","button_link":"","button_icon":true,"highlighted_text":"none","highlighted_scribble":"circle"}},"column-4":{"type":"column","settings":{"show_border":false,"text_alignment":"left","text_alignment_mobile":"left","image":"","image_ratio":"portrait","heading":"Heading 4","heading_size":"text-2xl lg:text-3xl","text":"<p>Pair text with an image to focus on your chosen product, collection, or blog post. Add details on availability, style, or even provide a review.<\/p>","button_label":"","button_link":"","button_icon":true,"highlighted_text":"none","highlighted_scribble":"circle"}}},"block_order":["column-1","column-2","column-3","column-4"],"settings":{"gap":"medium","columns":4,"columns_mobile":"1","swipe_on_mobile":true,"heading":"","heading_size":"title-md","heading_alignment":"text-center md:items-center","heading_tag":"h2","subheading":"","description":"","button_label":"","button_link":"","button_icon":true,"highlighted_text":"none","highlighted_scribble":"circle","color_text":"","color_background":"","gradient_background":"","color_highlight":"","gradient_highlight":"","color_button_text":"","color_button_background":"","color_button_gradient":"","padding_top":28,"padding_bottom":60,"divider":false,"full_width":false,"rounded":false}},"video-hero":{"type":"video-hero","blocks":{"slide-1":{"type":"slide","settings":{"heading":"Video slide 1","heading_size":"title-lg tracking-heading","heading_tag":"h2","highlighted_text":"none","highlighted_scribble":"circle"}},"slide-2":{"type":"slide","settings":{"heading":"Video slide 2","heading_size":"title-lg tracking-heading","heading_tag":"h2","highlighted_text":"none","highlighted_scribble":"circle"}},"slide-3":{"type":"slide","settings":{"heading":"Video slide 3","heading_size":"title-lg tracking-heading","heading_tag":"h2","highlighted_text":"none","highlighted_scribble":"circle"}},"slide-4":{"type":"slide","settings":{"heading":"Video slide 4","heading_size":"title-lg tracking-heading","heading_tag":"h2","highlighted_text":"none","highlighted_scribble":"circle"}}},"block_order":["slide-1","slide-2","slide-3","slide-4"],"settings":{"transparent_header":false,"video_url":"https:\/\/www.youtube.com\/watch?v=_9VUPq3SxOc","description":"","enable_video_autoplay":true,"enable_video_looping":true,"content_width":"medium","video_url_mobile":"","color_text":"#ffffff","color_highlight":"","gradient_highlight":"","color_overlay":"#000000","overlay_opacity":30,"padding_top":0,"padding_bottom":0,"divider":false,"full_width":true,"rounded":true}},"multicolumn-2":{"type":"multicolumn","blocks":{"column-1":{"type":"column","settings":{"show_border":false,"text_alignment":"left","text_alignment_mobile":"left","image":"","image_ratio":"portrait","heading":"Heading 1","heading_size":"text-2xl lg:text-3xl","text":"<p>Pair text with an image to focus on your chosen product, collection, or blog post. Add details on availability, style, or even provide a review.<\/p>","button_label":"","button_link":"","button_icon":true,"highlighted_text":"none","highlighted_scribble":"circle"}},"column-2":{"type":"column","settings":{"show_border":false,"text_alignment":"left","text_alignment_mobile":"left","image":"","image_ratio":"portrait","heading":"Heading 2","heading_size":"text-2xl lg:text-3xl","text":"<p>Pair text with an image to focus on your chosen product, collection, or blog post. Add details on availability, style, or even provide a review.<\/p>","button_label":"","button_link":"","button_icon":true,"highlighted_text":"none","highlighted_scribble":"circle"}},"column-3":{"type":"column","settings":{"show_border":false,"text_alignment":"left","text_alignment_mobile":"left","image":"","image_ratio":"portrait","heading":"Heading 3","heading_size":"text-2xl lg:text-3xl","text":"<p>Pair text with an image to focus on your chosen product, collection, or blog post. Add details on availability, style, or even provide a review.<\/p>","button_label":"","button_link":"","button_icon":true,"highlighted_text":"none","highlighted_scribble":"circle"}},"column-4":{"type":"column","settings":{"show_border":false,"text_alignment":"left","text_alignment_mobile":"left","image":"","image_ratio":"portrait","heading":"Heading 4","heading_size":"text-2xl lg:text-3xl","text":"<p>Pair text with an image to focus on your chosen product, collection, or blog post. Add details on availability, style, or even provide a review.<\/p>","button_label":"","button_link":"","button_icon":true,"highlighted_text":"none","highlighted_scribble":"circle"}}},"block_order":["column-1","column-2","column-3","column-4"],"settings":{"gap":"medium","columns":4,"columns_mobile":"1","swipe_on_mobile":true,"heading":"","heading_size":"title-md","heading_alignment":"text-center md:items-center","heading_tag":"h2","subheading":"","description":"","button_label":"","button_link":"","button_icon":true,"highlighted_text":"none","highlighted_scribble":"circle","color_text":"","color_background":"","gradient_background":"","color_highlight":"","gradient_highlight":"","color_button_text":"","color_button_background":"","color_button_gradient":"","padding_top":60,"padding_bottom":0,"divider":false,"full_width":false,"rounded":true}}},"order":["main-page","rich-text","multicolumn-1","video-hero","multicolumn-2"]}