{"sections":{"main":{"type":"main-page","disabled":true,"settings":{"heading_size":"title-xl tracking-heading","heading_alignment":"text-left","heading_tag":"h1","text_size":"text-base","padding_top":72,"padding_bottom":120,"divider":false,"narrow":true,"rounded":false}},"video-with-text-overlay":{"type":"video-with-text-overlay","blocks":{"text":{"type":"text","settings":{"text":"<p>Add a tagline<\/p>","text_size":"subtext-lg","text_max_size":32,"text_font":"body","secondary_color":false,"highlighted_text":"none","highlighted_scribble":"circle"}},"heading":{"type":"heading","settings":{"heading":"Image with text overlay","heading_size":"title-lg tracking-heading","heading_tag":"h2","highlighted_text":"none","highlighted_scribble":"circle"}}},"block_order":["text","heading"],"settings":{"transparent_header":false,"video_url":"https:\/\/www.youtube.com\/watch?v=_9VUPq3SxOc","description":"","enable_video_autoplay":true,"enable_video_looping":true,"image_height":"750px","content_width":"small","content_position":"md:items-center md:justify-center","text_alignment":"center","video_url_mobile":"","image_height_mobile":"auto","content_position_mobile":"items-center justify-center","text_alignment_mobile":"center","color_text":"#ffffff","color_highlight":"#e0a580","gradient_highlight":"","color_button_text":"#171717","color_button_background":"#ffffff","color_button_gradient":"","color_overlay":"#000000","overlay_opacity":30,"padding_top":0,"padding_bottom":0,"divider":false,"full_width":false,"rounded":true}},"rich-text-1":{"type":"rich-text","blocks":{"text-1":{"type":"text","settings":{"text":"<p>Use this text to share information about your brand with your customers. Describe a product, share announcements, or welcome customers to your store.<\/p><p>Share information about your brand with your customers. Describe a product, share announcements, or welcome customers to your store.<\/p>","text_size":"subtext-md","text_max_size":32,"text_font":"body","secondary_color":false,"highlighted_text":"none","highlighted_scribble":"circle"}},"text-2":{"type":"text","settings":{"text":"<p>Share information about your brand with your customers. Describe a product, share announcements, or welcome customers to your store.<\/p>","text_size":"subtext-md","text_max_size":32,"text_font":"body","secondary_color":false,"highlighted_text":"none","highlighted_scribble":"circle"}}},"block_order":["text-1","text-2"],"settings":{"text_alignment":"left","text_alignment_mobile":"left","heading":"<em>Talk about your brand<\/em>","heading_size":"title-md","heading_alignment":"text-left md:items-end md:flex-row","heading_width":"small","heading_tag":"h2","subheading":"","description":"","button_label":"","button_link":"","button_icon":true,"highlighted_text":"text","highlighted_scribble":"circle","color_text":"","color_background":"","gradient_background":"","color_highlight":"","gradient_highlight":"linear-gradient(90deg, rgba(123, 84, 84, 1), rgba(196, 207, 165, 1) 100%)","color_button_text":"","color_button_background":"","color_button_gradient":"","padding_top":120,"padding_bottom":80,"divider":false,"narrow":false,"rounded":false}},"portfolio":{"type":"portfolio","blocks":{"profile-1":{"type":"profile","settings":{"image":"","heading":"Example title","text":"<p>Use this text to share information about your brand with your customers. Describe a product, share announcements, or welcome customers to your store.<br\/><br\/>Share information about your brand with your customers. Describe a product, share announcements, or welcome customers to your store. Share information about your brand with your customers. Describe a product, share announcements, or welcome customers to your store.<\/p>","color_text":"#ffffff","color_background":"#000000"}},"profile-2":{"type":"profile","settings":{"image":"","heading":"Example title","text":"<p>Use this text to share information about your brand with your customers. Describe a product, share announcements, or welcome customers to your store.<br\/><br\/>Share information about your brand with your customers. Describe a product, share announcements, or welcome customers to your store. Share information about your brand with your customers. Describe a product, share announcements, or welcome customers to your store.<\/p>","color_text":"#ffffff","color_background":"#000000"}},"profile-3":{"type":"profile","settings":{"image":"","heading":"Example title","text":"<p>Use this text to share information about your brand with your customers. Describe a product, share announcements, or welcome customers to your store.<br\/><br\/>Share information about your brand with your customers. Describe a product, share announcements, or welcome customers to your store. Share information about your brand with your customers. Describe a product, share announcements, or welcome customers to your store.<\/p>","color_text":"#ffffff","color_background":"#000000"}}},"block_order":["profile-1","profile-2","profile-3"],"settings":{"columns":3,"carousel_on_desktop":false,"layout":"default","image_ratio":"portrait","image_ratio_mobile":"portrait","columns_mobile":"1","swipe_on_mobile":true,"heading":"","heading_size":"title-md","heading_alignment":"text-center justify-center","heading_tag":"h2","subheading":"","description":"","button_label":"","button_link":"","button_icon":true,"highlighted_text":"none","highlighted_scribble":"circle","color_text":"","color_background":"","gradient_background":"","color_highlight":"","gradient_highlight":"","color_button_text":"","color_button_background":"","color_button_gradient":"","padding_top":0,"padding_bottom":0,"divider":false,"full_width":false,"rounded":false}},"rich-text-2":{"type":"rich-text","blocks":{"text-1":{"type":"text","settings":{"text":"<p>Use this text to share information about your brand with your customers. Describe a product, share announcements, or welcome customers to your store.<\/p>","text_size":"subtext-md","text_max_size":32,"text_font":"body","secondary_color":false,"highlighted_text":"none","highlighted_scribble":"circle"}},"text-2":{"type":"text","settings":{"text":"<p>Share information about your brand with your customers. Describe a product, share announcements, or welcome customers to your store. Share information about your brand with your customers. Describe a product, share announcements, or welcome customers to your store.<\/p>","text_size":"subtext-md","text_max_size":32,"text_font":"body","secondary_color":false,"highlighted_text":"none","highlighted_scribble":"circle"}}},"block_order":["text-1","text-2"],"settings":{"text_alignment":"left","text_alignment_mobile":"left","heading":"Example heading","heading_size":"title-sm","heading_alignment":"text-left md:items-end md:flex-row","heading_width":"medium","heading_tag":"h2","subheading":"","description":"<p>Use this text area to tell your customers about your brand and vision. You can change it in the theme editor.<\/p>","button_label":"","button_link":"","button_icon":true,"highlighted_text":"none","highlighted_scribble":"circle","color_text":"","color_background":"","gradient_background":"","color_highlight":"","gradient_highlight":"","color_button_text":"","color_button_background":"","color_button_gradient":"","padding_top":120,"padding_bottom":80,"divider":false,"narrow":false,"rounded":false}},"number-counter":{"type":"number-counter","blocks":{"counter-1":{"type":"counter","settings":{"title":"Example title","number":"150","unit":"K+","duration":2}},"counter-2":{"type":"counter","settings":{"title":"Example title","number":"16","unit":"","duration":2}},"counter-3":{"type":"counter","settings":{"title":"Example title","number":"95","unit":"%","duration":2}},"counter-4":{"type":"counter","settings":{"title":"Example title","number":"32","unit":"","duration":2}}},"block_order":["counter-1","counter-2","counter-3","counter-4"],"settings":{"gap":"large","columns":4,"text_alignment":"center","columns_mobile":"2","swipe_on_mobile":false,"text_alignment_mobile":"center","color_text":"","color_background":"","gradient_background":"","color_highlight":"#d3bdbd","gradient_highlight":"","padding_top":60,"padding_bottom":120,"divider":true,"full_width":false,"rounded":false}},"image-with-text":{"type":"image-with-text","blocks":{"icon":{"type":"icon","settings":{"icon":"none","icon_image":"","icon_width":44}},"text-1":{"type":"text","settings":{"text":"<p>Pair text with an image to focus on your chosen product, collection, or blog post. Add details on availability, style, or even provide a review.<\/p>","text_size":"subtext-xl","text_max_size":32,"text_font":"heading","secondary_color":false,"highlighted_text":"none","highlighted_scribble":"circle"}},"text-2":{"type":"text","settings":{"text":"<p><em>— Add a tagline<\/em><\/p>","text_size":"subtext-md","text_max_size":32,"text_font":"body","secondary_color":false,"highlighted_text":"none","highlighted_scribble":"circle"}}},"block_order":["icon","text-1","text-2"],"settings":{"image":"","image_height":"100vh","image_width":"small","layout":"text_first","text_alignment":"left","content_position":"align-self-end","image_height_mobile":"500px","text_alignment_mobile":"left","color_text":"","color_background":"","gradient_background":"","color_background_2":"#faf7f7","gradient_background_2":"","color_highlight":"","gradient_highlight":"","color_button_text":"","color_button_background":"","color_button_gradient":"","padding_top":0,"padding_bottom":0,"divider":false,"full_width":false,"rounded":false,"enable_parallax":false,"parallax_direction":"vertical"}},"timeline":{"type":"timeline","blocks":{"content-1":{"type":"content","settings":{"image":"","subheading":"2019","heading":"Image with text","heading_tag":"h2","text":"<p>Share information about your brand with your customers. Describe a product, share announcements, or welcome customers to your store.<\/p>","button_label":"","button_link":"","button_icon":true,"highlighted_text":"none","highlighted_scribble":"circle"}},"content-2":{"type":"content","settings":{"image":"","subheading":"2020","heading":"Image with text","heading_tag":"h2","text":"<p>Share information about your brand with your customers. Describe a product, share announcements, or welcome customers to your store.<\/p>","button_label":"","button_link":"","button_icon":true,"highlighted_text":"none","highlighted_scribble":"circle"}},"content-3":{"type":"content","settings":{"image":"","subheading":"2021","heading":"Image with text","heading_tag":"h2","text":"<p>Share information about your brand with your customers. Describe a product, share announcements, or welcome customers to your store.<\/p>","button_label":"","button_link":"","button_icon":true,"highlighted_text":"none","highlighted_scribble":"circle"}},"content-4":{"type":"content","settings":{"image":"","subheading":"2022","heading":"Image with text","heading_tag":"h2","text":"<p>Share information about your brand with your customers. Describe a product, share announcements, or welcome customers to your store.<\/p>","button_label":"","button_link":"","button_icon":true,"highlighted_text":"none","highlighted_scribble":"circle"}},"content-5":{"type":"content","settings":{"image":"","subheading":"2024","heading":"Image with text","heading_tag":"h2","text":"<p>Share information about your brand with your customers. Describe a product, share announcements, or welcome customers to your store.<\/p>","button_label":"","button_link":"","button_icon":true,"highlighted_text":"none","highlighted_scribble":"circle"}}},"block_order":["content-1","content-2","content-3","content-4","content-5"],"settings":{"image_ratio":"portrait","image_ratio_mobile":"square","heading":"Example heading","heading_size":"title-md","heading_alignment":"text-left md:items-end md:flex-row","heading_tag":"h2","subheading":"","description":"","highlighted_text":"none","highlighted_scribble":"circle","color_text":"","color_background":"","gradient_background":"","color_highlight":"","gradient_highlight":"","color_button_text":"","color_button_background":"","color_button_gradient":"","padding_top":84,"padding_bottom":0,"divider":false,"full_width":false,"rounded":false}},"portfolio-on-scroll":{"type":"portfolio-on-scroll","blocks":{"profile-1":{"type":"profile","settings":{"image":"","heading":"Example title","text":"<p>Use this text to share information about your brand with your customers. Describe a product, share announcements, or welcome customers to your store.<br\/><br\/>Share information about your brand with your customers. Describe a product, share announcements, or welcome customers to your store. Share information about your brand with your customers. Describe a product, share announcements, or welcome customers to your store.<\/p>","color_text":"#ffffff","color_background":"#000000"}},"profile-2":{"type":"profile","settings":{"image":"","heading":"Example title","text":"<p>Use this text to share information about your brand with your customers. Describe a product, share announcements, or welcome customers to your store.<br\/><br\/>Share information about your brand with your customers. Describe a product, share announcements, or welcome customers to your store. Share information about your brand with your customers. Describe a product, share announcements, or welcome customers to your store.<\/p>","color_text":"#ffffff","color_background":"#000000"}},"profile-3":{"type":"profile","settings":{"image":"","heading":"Example title","text":"<p>Use this text to share information about your brand with your customers. Describe a product, share announcements, or welcome customers to your store.<br\/><br\/>Share information about your brand with your customers. Describe a product, share announcements, or welcome customers to your store. Share information about your brand with your customers. Describe a product, share announcements, or welcome customers to your store.<\/p>","color_text":"#ffffff","color_background":"#000000"}},"profile-4":{"type":"profile","settings":{"image":"","heading":"Example title","text":"<p>Use this text to share information about your brand with your customers. Describe a product, share announcements, or welcome customers to your store.<br\/><br\/>Share information about your brand with your customers. Describe a product, share announcements, or welcome customers to your store. Share information about your brand with your customers. Describe a product, share announcements, or welcome customers to your store.<\/p>","color_text":"#ffffff","color_background":"#000000"}},"profile-5":{"type":"profile","settings":{"image":"","heading":"Example title","text":"<p>Use this text to share information about your brand with your customers. Describe a product, share announcements, or welcome customers to your store.<br\/><br\/>Share information about your brand with your customers. Describe a product, share announcements, or welcome customers to your store. Share information about your brand with your customers. Describe a product, share announcements, or welcome customers to your store.<\/p>","color_text":"#ffffff","color_background":"#000000"}},"profile-6":{"type":"profile","settings":{"image":"","heading":"Example title","text":"<p>Use this text to share information about your brand with your customers. Describe a product, share announcements, or welcome customers to your store.<br\/><br\/>Share information about your brand with your customers. Describe a product, share announcements, or welcome customers to your store. Share information about your brand with your customers. Describe a product, share announcements, or welcome customers to your store.<\/p>","color_text":"#ffffff","color_background":"#000000"}},"profile-7":{"type":"profile","settings":{"image":"","heading":"Example title","text":"<p>Use this text to share information about your brand with your customers. Describe a product, share announcements, or welcome customers to your store.<br\/><br\/>Share information about your brand with your customers. Describe a product, share announcements, or welcome customers to your store. Share information about your brand with your customers. Describe a product, share announcements, or welcome customers to your store.<\/p>","color_text":"#ffffff","color_background":"#000000"}},"profile-8":{"type":"profile","settings":{"image":"","heading":"Example title","text":"<p>Use this text to share information about your brand with your customers. Describe a product, share announcements, or welcome customers to your store.<br\/><br\/>Share information about your brand with your customers. Describe a product, share announcements, or welcome customers to your store. Share information about your brand with your customers. Describe a product, share announcements, or welcome customers to your store.<\/p>","color_text":"#ffffff","color_background":"#000000"}}},"block_order":["profile-1","profile-2","profile-3","profile-4","profile-5","profile-6","profile-7","profile-8"],"settings":{"image_ratio":"portrait","heading":"<em>Example heading<\/em>","heading_size":"title-md","heading_alignment":"text-left md:items-end md:flex-row","heading_tag":"h2","subheading":"","description":"<p>Use this text area to tell your customers about your brand and vision. You can change it in the theme editor.<\/p>","button_label":"View all","button_link":"","button_icon":true,"highlighted_text":"text","highlighted_scribble":"circle","color_text":"","color_background":"","gradient_background":"","color_highlight":"","gradient_highlight":"linear-gradient(90deg, rgba(123, 84, 84, 1), rgba(196, 207, 165, 1) 100%)","color_button_text":"","color_button_background":"","color_button_gradient":"","padding_top":72,"padding_bottom":36,"divider":false,"full_width":false,"rounded":false,"enable_parallax":true}}},"order":["main","video-with-text-overlay","rich-text-1","portfolio","rich-text-2","number-counter","image-with-text","timeline","portfolio-on-scroll"]}