{"sections":{"rich_text_z8eJnU":{"type":"rich-text","blocks":{"heading_NrzF4F":{"type":"heading","settings":{"heading":"Rich text","heading_size":"title-md","heading_tag":"h2","highlighted_text":"none","highlighted_scribble":"circle"}},"text_jdjQeT":{"type":"text","settings":{"text":"<p>Use this text to share information about your brand with your customers. <\/p>","text_size":"subtext-md","text_max_size":32,"text_font":"body","secondary_color":false,"highlighted_text":"none","highlighted_scribble":"circle"}}},"block_order":["heading_NrzF4F","text_jdjQeT"],"name":"t:sections.rich-text.presets.name","settings":{"text_alignment":"center","text_alignment_mobile":"center","heading":"","heading_size":"title-md","heading_alignment":"text-left md:items-end md:flex-row","heading_width":"small","heading_tag":"h2","subheading":"","description":"","button_label":"","button_link":"","button_external":false,"button_icon":true,"highlighted_text":"none","highlighted_scribble":"circle","color_text":"","color_background":"","gradient_background":"","color_highlight":"","gradient_highlight":"","color_button_text":"","color_button_background":"","color_button_gradient":"","padding_top":40,"padding_bottom":52,"divider":false,"narrow":true,"rounded":false}},"main-page":{"type":"main-page","disabled":true,"settings":{"heading_size":"title-xl tracking-heading","heading_alignment":"text-left","heading_tag":"h1","text_size":"text-base","padding_top":72,"padding_bottom":120,"divider":false,"narrow":true,"rounded":false}},"blocks_yMpBQE":{"type":"_blocks","blocks":{"ai_gen_block_04ccd22_fXTjB7":{"type":"ai_gen_block_04ccd22","settings":{"section_title":"","section_subtitle":"","title_size":48,"subtitle_size":18,"title_color":"#ffffff","subtitle_color":"#cccccc","tagline_color":"#16b114","compatibility_badge_color":"#166534","desktop_card_width":360,"mobile_card_width":330,"tablet_columns":"2","desktop_gap":32,"tablet_gap":24,"mobile_gap":36,"image_aspect":"1:1","max_image_height":300,"enable_lazy_load":true,"button_bg_color":"#00ff00","button_text_color":"#ffffff","corner_radius":12,"pack_1_name":"Cinematic Transitions","pack_1_tagline":"Professional grade transitions","pack_1_description":"A collection of smooth, cinematic transitions perfect for storytelling and professional video production.","pack_1_video":"","pack_1_image":"shopify:\/\/shop_images\/Progetto_senza_titolo_18.png","pack_1_assets":"25","pack_1_size":"2.4 GB","pack_1_all_editors":true,"pack_1_video_editors":"AE,PR,DR,FCP","pack_1_image_editors":"","pack_1_custom_app":"","pack_1_button_label":"Download Pack","pack_1_button_link":"shopify:\/\/policies\/privacy-policy","pack_2_name":"Color Grading LUTs","pack_2_tagline":"Hollywood-style color grading","pack_2_description":"Transform your footage with professional color grading LUTs used in major film productions.","pack_2_video":"","pack_2_image":"shopify:\/\/shop_images\/crt-converter-the-creator-fx-bundle-382805_1800x1800_7552c5bc-588a-4e52-a9d9-bd691fb789eb.webp","pack_2_assets":"50","pack_2_size":"1.2 GB","pack_2_all_editors":true,"pack_2_video_editors":"AE,PR,DR","pack_2_image_editors":"","pack_2_custom_app":"","pack_2_button_label":"Download Pack","pack_2_button_link":"shopify:\/\/policies\/privacy-policy","pack_3_name":"Motion Graphics Kit","pack_3_tagline":"Animated elements & overlays","pack_3_description":"Dynamic motion graphics, animated overlays, and visual elements to enhance your video projects.","pack_3_video":"","pack_3_image":"shopify:\/\/shop_images\/FORM6.jpg","pack_3_assets":"75","pack_3_size":"3.8 GB","pack_3_all_editors":false,"pack_3_video_editors":"AE,PR","pack_3_image_editors":"ps,lr","pack_3_custom_app":"","pack_3_button_label":"Download Pack","pack_3_button_link":"shopify:\/\/policies\/privacy-policy","pack_4_name":"sad","pack_4_tagline":"asd","pack_4_description":"asd","pack_4_video":"","pack_4_assets":"","pack_4_size":"","pack_4_all_editors":false,"pack_4_video_editors":"","pack_4_image_editors":"","pack_4_custom_app":"","pack_4_button_label":"","pack_4_button_link":"","pack_5_name":"","pack_5_tagline":"","pack_5_description":"","pack_5_video":"","pack_5_assets":"","pack_5_size":"","pack_5_all_editors":false,"pack_5_video_editors":"","pack_5_image_editors":"","pack_5_custom_app":"","pack_5_button_label":"","pack_5_button_link":"","pack_6_name":"","pack_6_tagline":"","pack_6_description":"","pack_6_video":"","pack_6_assets":"","pack_6_size":"","pack_6_all_editors":false,"pack_6_video_editors":"","pack_6_image_editors":"","pack_6_custom_app":"","pack_6_button_label":"","pack_6_button_link":""},"blocks":{}}},"block_order":["ai_gen_block_04ccd22_fXTjB7"],"custom_css":[".ai-video-effects-section-au2rjzjf5rzy2nehmyaigenblock04ccd22fxtjb7 {background-color: #000000;}"],"name":"Video effects packs","settings":{}},"1759729599e31220a4":{"type":"_blocks","blocks":{"ai_gen_block_56669be_mMqrYx":{"type":"ai_gen_block_56669be","settings":{"separator_style":"line","line_style":"solid","max_width":400,"line_thickness":7,"line_color":"#000000","icon_type":"circle","icon_size":24,"icon_spacing":15,"icon_color":"#000000","icon_background":"#ffffff","separator_text":"OR","text_size":14,"text_weight":"500","text_padding":8,"text_border_radius":4,"text_color":"#ffffff","text_background":"#000000","ornament_size":8,"spacing_top":0,"spacing_bottom":20},"blocks":{}}},"block_order":["ai_gen_block_56669be_mMqrYx"],"settings":{}},"blocks_fFyBVV":{"type":"_blocks","blocks":{"ai_gen_block_04ccd22_tw3UxV":{"type":"ai_gen_block_04ccd22","settings":{"section_title":"","section_subtitle":"","title_size":48,"subtitle_size":18,"title_color":"#ffffff","subtitle_color":"#cccccc","tagline_color":"#16b114","compatibility_badge_color":"#166534","desktop_card_width":360,"mobile_card_width":330,"tablet_columns":"2","desktop_gap":32,"tablet_gap":24,"mobile_gap":36,"image_aspect":"16:9","max_image_height":300,"enable_lazy_load":true,"button_bg_color":"#00ff00","button_text_color":"#ffffff","corner_radius":12,"pack_1_name":"Cinematic Transitions","pack_1_tagline":"Professional grade transitions","pack_1_description":"A collection of smooth, cinematic transitions perfect for storytelling and professional video production.","pack_1_video":"","pack_1_image":"shopify:\/\/shop_images\/3d-hologram-the-creator-fx-bundle-820473_1800x1800_ca5c357b-1759-4bc1-8a6f-cd95081e84bc.webp","pack_1_assets":"25","pack_1_size":"2.4 GB","pack_1_all_editors":true,"pack_1_video_editors":"AE,PR,DR,FCP","pack_1_image_editors":"","pack_1_custom_app":"","pack_1_button_label":"Download Pack","pack_1_button_link":"shopify:\/\/policies\/privacy-policy","pack_2_name":"Color Grading LUTs","pack_2_tagline":"Hollywood-style color grading","pack_2_description":"Transform your footage with professional color grading LUTs used in major film productions.","pack_2_video":"","pack_2_image":"shopify:\/\/shop_images\/crt-converter-the-creator-fx-bundle-382805_1800x1800_7552c5bc-588a-4e52-a9d9-bd691fb789eb.webp","pack_2_assets":"50","pack_2_size":"1.2 GB","pack_2_all_editors":true,"pack_2_video_editors":"AE,PR,DR","pack_2_image_editors":"","pack_2_custom_app":"","pack_2_button_label":"Download Pack","pack_2_button_link":"shopify:\/\/policies\/privacy-policy","pack_3_name":"Motion Graphics Kit","pack_3_tagline":"Animated elements & overlays","pack_3_description":"Dynamic motion graphics, animated overlays, and visual elements to enhance your video projects.","pack_3_video":"","pack_3_image":"shopify:\/\/shop_images\/FORM6.jpg","pack_3_assets":"75","pack_3_size":"3.8 GB","pack_3_all_editors":false,"pack_3_video_editors":"AE,PR","pack_3_image_editors":"ps,lr","pack_3_custom_app":"","pack_3_button_label":"Download Pack","pack_3_button_link":"shopify:\/\/policies\/privacy-policy","pack_4_name":"","pack_4_tagline":"","pack_4_description":"","pack_4_video":"","pack_4_assets":"","pack_4_size":"","pack_4_all_editors":false,"pack_4_video_editors":"","pack_4_image_editors":"","pack_4_custom_app":"","pack_4_button_label":"","pack_4_button_link":"","pack_5_name":"","pack_5_tagline":"","pack_5_description":"","pack_5_video":"","pack_5_assets":"","pack_5_size":"","pack_5_all_editors":false,"pack_5_video_editors":"","pack_5_image_editors":"","pack_5_custom_app":"","pack_5_button_label":"","pack_5_button_link":"","pack_6_name":"","pack_6_tagline":"","pack_6_description":"","pack_6_video":"","pack_6_assets":"","pack_6_size":"","pack_6_all_editors":false,"pack_6_video_editors":"","pack_6_image_editors":"","pack_6_custom_app":"","pack_6_button_label":"","pack_6_button_link":""},"blocks":{}}},"block_order":["ai_gen_block_04ccd22_tw3UxV"],"name":"Video effects packs","settings":{}}},"order":["rich_text_z8eJnU","main-page","blocks_yMpBQE","1759729599e31220a4","blocks_fFyBVV"]}