{
  "sections": {
    "main": {
      "type": "main-page",
      "disabled": true,
      "settings": {
        "heading_size": "title-xl tracking-heading",
        "heading_tag": "h1",
        "text_size": "text-base",
        "padding_top": 72,
        "padding_bottom": 120,
        "divider": false,
        "narrow": true,
        "rounded": false
      }
    },
    "image-with-text-overlay": {
      "type": "image-with-text-overlay",
      "blocks": {
        "text": {
          "type": "text",
          "settings": {
            "text": "<p><em><strong>Add a tagline</strong></em></p>",
            "text_size": "subtext-lg",
            "text_max_size": 32,
            "text_font": "body",
            "secondary_color": false,
            "highlighted_text": "text",
            "highlighted_scribble": "circle"
          }
        },
        "heading": {
          "type": "heading",
          "settings": {
            "heading": "Image with text overlay",
            "heading_size": "title-xl tracking-heading",
            "heading_tag": "h2",
            "highlighted_text": "none",
            "highlighted_scribble": "circle"
          }
        }
      },
      "block_order": [
        "text",
        "heading"
      ],
      "settings": {
        "transparent_header": true,
        "image": "",
        "image_height": "750px",
        "content_width": "large",
        "content_position": "md:items-end md:justify-start",
        "text_alignment": "left",
        "image_height_mobile": "auto",
        "content_position_mobile": "items-end justify-start",
        "text_alignment_mobile": "left",
        "color_text": "#ffffff",
        "color_highlight": "#e0a580",
        "gradient_highlight": "",
        "color_button_text": "#171717",
        "color_button_background": "#ffffff",
        "color_button_gradient": "",
        "color_overlay": "#000000",
        "overlay_opacity": 50,
        "padding_top": 0,
        "padding_bottom": 0,
        "divider": false,
        "full_width": true,
        "rounded": true,
        "enable_parallax": true,
        "parallax_direction": "vertical"
      }
    },
    "images-with-text": {
      "type": "images-with-text",
      "blocks": {
        "heading": {
          "type": "heading",
          "settings": {
            "heading": "Example <em>heading</em>",
            "heading_size": "title-md",
            "heading_tag": "h2",
            "highlighted_text": "scribble",
            "highlighted_scribble": "basic-underline"
          }
        },
        "text": {
          "type": "text",
          "settings": {
            "text": "<p>Use this text to share information about your brand with your customers. Describe a product, share announcements, or welcome customers to your store.<br/><br/>Share information about your brand with your customers. Describe a product, share announcements, or welcome customers to your store. Share information about your brand with your customers. Describe a product, share announcements, or welcome customers to your store.</p>",
            "text_size": "subtext-md",
            "text_max_size": 32,
            "text_font": "body",
            "secondary_color": false,
            "highlighted_text": "none",
            "highlighted_scribble": "circle"
          }
        },
        "button": {
          "type": "button",
          "settings": {
            "button_label": "Button label",
            "button_link": "",
            "button_style": "secondary",
            "button_size": "md",
            "button_icon": true
          }
        }
      },
      "block_order": [
        "heading",
        "text",
        "button"
      ],
      "settings": {
        "image": "",
        "image_2": "",
        "image_ratio": "portrait",
        "image_width": "medium",
        "layout": "image_first",
        "text_alignment": "left",
        "text_alignment_mobile": "left",
        "color_text": "",
        "color_background": "",
        "gradient_background": "",
        "color_highlight": "",
        "gradient_highlight": "",
        "color_button_text": "",
        "color_button_background": "",
        "color_button_gradient": "",
        "padding_top": 120,
        "padding_bottom": 100,
        "divider": false,
        "full_width": false,
        "rounded": true,
        "enable_parallax": true
      }
    },
    "portfolio": {
      "type": "portfolio",
      "blocks": {
        "profile-1": {
          "type": "profile",
          "settings": {
            "image": "",
            "heading": "Example title",
            "text": "<p>Use this text to share information about your brand with your customers. Describe a product, share announcements, or welcome customers to your store.<br/><br/>Share information about your brand with your customers. Describe a product, share announcements, or welcome customers to your store. Share information about your brand with your customers. Describe a product, share announcements, or welcome customers to your store.</p>",
            "color_text": "#ffffff",
            "color_background": "#000000"
          }
        },
        "profile-2": {
          "type": "profile",
          "settings": {
            "image": "",
            "heading": "Example title",
            "text": "<p>Use this text to share information about your brand with your customers. Describe a product, share announcements, or welcome customers to your store.<br/><br/>Share information about your brand with your customers. Describe a product, share announcements, or welcome customers to your store. Share information about your brand with your customers. Describe a product, share announcements, or welcome customers to your store.</p>",
            "color_text": "#ffffff",
            "color_background": "#000000"
          }
        },
        "profile-3": {
          "type": "profile",
          "settings": {
            "image": "",
            "heading": "Example title",
            "text": "<p>Use this text to share information about your brand with your customers. Describe a product, share announcements, or welcome customers to your store.<br/><br/>Share information about your brand with your customers. Describe a product, share announcements, or welcome customers to your store. Share information about your brand with your customers. Describe a product, share announcements, or welcome customers to your store.</p>",
            "color_text": "#ffffff",
            "color_background": "#000000"
          }
        }
      },
      "block_order": [
        "profile-1",
        "profile-2",
        "profile-3"
      ],
      "settings": {
        "columns": 4,
        "layout": "grid",
        "image_ratio": "portrait",
        "image_ratio_mobile": "portrait",
        "columns_mobile": "1",
        "swipe_on_mobile": true,
        "heading": "Talk about your <em>brand</em>",
        "heading_size": "title-md",
        "heading_alignment": "text-left justify-start",
        "heading_tag": "h2",
        "subheading": "Add a tagline",
        "description": "<p>Share information about your brand with your customers. Describe a product, share announcements, or welcome customers to your store.</p>",
        "highlighted_text": "scribble",
        "highlighted_scribble": "circle",
        "color_text": "",
        "color_background": "",
        "gradient_background": "",
        "color_highlight": "#ccd8b5",
        "gradient_highlight": "",
        "color_button_text": "",
        "color_button_background": "",
        "color_button_gradient": "",
        "padding_top": 72,
        "padding_bottom": 72,
        "divider": false,
        "full_width": false,
        "rounded": false
      }
    },
    "scrolling-text": {
      "type": "scrolling-text",
      "blocks": {
        "text": {
          "type": "text",
          "settings": {
            "text": "<em><strong>Free shipping and returns</strong></em>",
            "text_size": 160,
            "text_font": "body",
            "highlighted_text": "stencil",
            "highlighted_scribble": "circle"
          }
        }
      },
      "block_order": [
        "text"
      ],
      "settings": {
        "direction": "left",
        "speed": 20,
        "grid_horizontal": 70,
        "enable_twin": false,
        "enable_parallax": true,
        "color_text": "",
        "color_background": "",
        "gradient_background": "",
        "padding_top": 72,
        "padding_bottom": 72,
        "divider": false,
        "rounded": false
      }
    },
    "testimonials": {
      "type": "testimonials",
      "blocks": {
        "testimonial": {
          "type": "testimonial",
          "settings": {
            "icon": "quote",
            "text": "<p>Add customer reviews and testimonials to showcase your store’s happy customers.</p>",
            "author": "Author's name",
            "image_ratio": "rounded"
          }
        }
      },
      "block_order": [
        "testimonial"
      ],
      "settings": {
        "heading": "",
        "heading_size": "title-md",
        "heading_alignment": "text-center md:items-center",
        "heading_tag": "h2",
        "subheading": "",
        "description": "",
        "button_label": "",
        "button_link": "",
        "button_icon": true,
        "highlighted_text": "none",
        "highlighted_scribble": "circle",
        "color_text": "",
        "color_background": "",
        "gradient_background": "",
        "color_highlight": "",
        "gradient_highlight": "",
        "color_button_text": "",
        "color_button_background": "",
        "color_button_gradient": "",
        "padding_top": 84,
        "padding_bottom": 120,
        "divider": false,
        "rounded": false
      }
    },
    "timeline": {
      "type": "timeline",
      "blocks": {
        "content-1": {
          "type": "content",
          "settings": {
            "image": "",
            "subheading": "2019",
            "heading": "Image with text",
            "heading_tag": "h2",
            "text": "<p>Share information about your brand with your customers. Describe a product, share announcements, or welcome customers to your store.</p>",
            "button_label": "",
            "button_link": "",
            "button_icon": true,
            "highlighted_text": "none",
            "highlighted_scribble": "circle"
          }
        },
        "content-2": {
          "type": "content",
          "settings": {
            "image": "",
            "subheading": "2020",
            "heading": "Image with text",
            "heading_tag": "h2",
            "text": "<p>Share information about your brand with your customers. Describe a product, share announcements, or welcome customers to your store.</p>",
            "button_label": "",
            "button_link": "",
            "button_icon": true,
            "highlighted_text": "none",
            "highlighted_scribble": "circle"
          }
        },
        "content-3": {
          "type": "content",
          "settings": {
            "image": "",
            "subheading": "2021",
            "heading": "Image with text",
            "heading_tag": "h2",
            "text": "<p>Share information about your brand with your customers. Describe a product, share announcements, or welcome customers to your store.</p>",
            "button_label": "",
            "button_link": "",
            "button_icon": true,
            "highlighted_text": "none",
            "highlighted_scribble": "circle"
          }
        },
        "content-4": {
          "type": "content",
          "settings": {
            "image": "",
            "subheading": "2022",
            "heading": "Image with text",
            "heading_tag": "h2",
            "text": "<p>Share information about your brand with your customers. Describe a product, share announcements, or welcome customers to your store.</p>",
            "button_label": "",
            "button_link": "",
            "button_icon": true,
            "highlighted_text": "none",
            "highlighted_scribble": "circle"
          }
        },
        "content-5": {
          "type": "content",
          "settings": {
            "image": "",
            "subheading": "2024",
            "heading": "Image with text",
            "heading_tag": "h2",
            "text": "<p>Share information about your brand with your customers. Describe a product, share announcements, or welcome customers to your store.</p>",
            "button_label": "",
            "button_link": "",
            "button_icon": true,
            "highlighted_text": "none",
            "highlighted_scribble": "circle"
          }
        }
      },
      "block_order": [
        "content-1",
        "content-2",
        "content-3",
        "content-4",
        "content-5"
      ],
      "settings": {
        "image_ratio": "portrait",
        "image_ratio_mobile": "wide",
        "heading": "Example heading",
        "heading_size": "title-md",
        "heading_alignment": "text-left md:items-end md:flex-row",
        "heading_tag": "h2",
        "subheading": "",
        "description": "",
        "highlighted_text": "none",
        "highlighted_scribble": "circle",
        "color_text": "#ffffff",
        "color_background": "#171717",
        "gradient_background": "",
        "color_highlight": "",
        "gradient_highlight": "",
        "color_button_text": "#171717",
        "color_button_background": "#ffffff",
        "color_button_gradient": "",
        "padding_top": 72,
        "padding_bottom": 72,
        "divider": false,
        "full_width": false,
        "rounded": true
      }
    },
    "rich-text": {
      "type": "rich-text",
      "blocks": {
        "text": {
          "type": "text",
          "settings": {
            "text": "<p>Add a tagline</p>",
            "text_size": "subtext-md",
            "text_max_size": 32,
            "text_font": "body",
            "secondary_color": false,
            "highlighted_text": "none",
            "highlighted_scribble": "circle"
          }
        },
        "heading": {
          "type": "heading",
          "settings": {
            "heading": "Example <em>heading</em>",
            "heading_size": "title-md",
            "heading_tag": "h2",
            "highlighted_text": "scribble",
            "highlighted_scribble": "squiggle-underline"
          }
        }
      },
      "block_order": [
        "text",
        "heading"
      ],
      "settings": {
        "text_alignment": "center",
        "text_alignment_mobile": "center",
        "heading": "",
        "heading_size": "title-md",
        "heading_alignment": "text-left md:items-end md:flex-row",
        "heading_tag": "h2",
        "subheading": "",
        "description": "",
        "button_label": "",
        "button_link": "",
        "button_icon": true,
        "highlighted_text": "none",
        "highlighted_scribble": "circle",
        "color_text": "",
        "color_background": "#fafafa",
        "gradient_background": "",
        "color_highlight": "#c5e8b8",
        "gradient_highlight": "",
        "color_button_text": "",
        "color_button_background": "",
        "color_button_gradient": "",
        "padding_top": 120,
        "padding_bottom": 20,
        "divider": false,
        "narrow": true,
        "rounded": true
      }
    },
    "logo-list": {
      "type": "logo-list",
      "blocks": {
        "logo-1": {
          "type": "logo",
          "settings": {
            "image": "",
            "height": 60,
            "link": ""
          }
        },
        "logo-2": {
          "type": "logo",
          "settings": {
            "image": "",
            "height": 60,
            "link": ""
          }
        },
        "logo-3": {
          "type": "logo",
          "settings": {
            "image": "",
            "height": 60,
            "link": ""
          }
        },
        "logo-4": {
          "type": "logo",
          "settings": {
            "image": "",
            "height": 60,
            "link": ""
          }
        },
        "logo-5": {
          "type": "logo",
          "settings": {
            "image": "",
            "height": 60,
            "link": ""
          }
        },
        "logo-6": {
          "type": "logo",
          "settings": {
            "image": "",
            "height": 60,
            "link": ""
          }
        },
        "logo-7": {
          "type": "logo",
          "settings": {
            "image": "",
            "height": 60,
            "link": ""
          }
        }
      },
      "block_order": [
        "logo-1",
        "logo-2",
        "logo-3",
        "logo-4",
        "logo-5",
        "logo-6",
        "logo-7"
      ],
      "settings": {
        "layout": "marquee",
        "grid_horizontal": 120,
        "direction": "right",
        "speed": 10,
        "heading": "",
        "heading_size": "title-md",
        "heading_alignment": "text-center md:items-center",
        "heading_tag": "h2",
        "subheading": "",
        "description": "",
        "button_label": "",
        "button_link": "",
        "button_icon": true,
        "highlighted_text": "none",
        "highlighted_scribble": "circle",
        "color_text": "",
        "color_background": "#fafafa",
        "gradient_background": "",
        "color_highlight": "",
        "gradient_highlight": "",
        "color_button_text": "",
        "color_button_background": "",
        "color_button_gradient": "",
        "padding_top": 60,
        "padding_bottom": 120,
        "divider": false,
        "full_width": true,
        "rounded": true
      }
    }
  },
  "order": [
    "main",
    "image-with-text-overlay",
    "images-with-text",
    "portfolio",
    "scrolling-text",
    "testimonials",
    "timeline",
    "rich-text",
    "logo-list"
  ]
}