{
  "layout": "password",
  "sections": {
    "newsletter-banner": {
      "type": "newsletter-banner",
      "blocks": {
        "text": {
          "type": "text",
          "settings": {
            "text": "<p>Coming Soon</p>",
            "text_size": "subtext-xl",
            "text_max_size": 32,
            "text_font": "body",
            "secondary_color": false,
            "highlighted_text": "none",
            "highlighted_scribble": "circle"
          }
        },
        "heading": {
          "type": "heading",
          "settings": {
            "heading": "Get notified when we launch",
            "heading_size": "title-xl tracking-heading",
            "heading_tag": "h1",
            "highlighted_text": "none",
            "highlighted_scribble": "circle"
          }
        },
        "form": {
          "type": "form",
          "settings": {
          }
        }
      },
      "block_order": [
        "text",
        "heading",
        "form"
      ],
      "settings": {
        "transparent_header": true,
        "transparent_footer": true,
        "image": "",
        "image_height": "100vh",
        "content_width": "medium",
        "content_position": "md:items-center md:justify-start",
        "text_alignment": "left",
        "image_mobile": "",
        "image_height_mobile": "100vh",
        "content_position_mobile": "items-center justify-start",
        "text_alignment_mobile": "left",
        "color_text": "#ffffff",
        "color_highlight": "#e0a580",
        "gradient_highlight": "",
        "color_button_text": "#ffffff",
        "color_button_background": "#000000",
        "color_button_gradient": "",
        "color_overlay": "#000000",
        "padding_top": 0,
        "padding_bottom": 0,
        "divider": false,
        "full_width": true,
        "rounded": true,
        "enable_parallax": false,
        "parallax_direction": "vertical"
      }
    }
  },
  "order": [
    "newsletter-banner"
  ]
}