{"sections":{"main-product":{"type":"main-product","blocks":{"vendor":{"type":"text","settings":{"text":"{{ product.vendor }}","text_size":"text-base"}},"title":{"type":"title","settings":{"title_size":"product-title-md","title_size_mobile":"product-title-md","show_price":true,"show_rating":true}},"excerpt":{"type":"text","settings":{"text":"This area is used to describe your product’s details. Tell customers about the look, feel, and style of your product. Add details on color, materials used, sizing, and where it was made.","text_size":"text-base"}},"countdown":{"type":"countdown","settings":{"heading":"Hurry up!","subheading":"Sale end in:","color_text":"#e11d48","color_background":"#fff1f2","gradient_background":""}},"variant_picker":{"type":"variant_picker","settings":{"show_variant_labels":true,"picker_type":"button","enable_color_swatches":true,"color_swatch_type":"color","size_chart":""}},"inventory":{"type":"inventory","settings":{"inventory_threshold":15,"show_inventory_transfer":true,"color_scheme":"accent-1"}},"buy_buttons":{"type":"buy_buttons","settings":{"show_quantity_selector":true,"show_dynamic_checkout":true,"show_gift_card_recipient":true}},"pickup_availability":{"type":"pickup_availability","settings":{}},"share":{"type":"share","settings":{"share_label":"Share","show_help_desk":true,"help_label":"Need help?","help_type":"drawer","help_page":""}},"complementary":{"type":"complementary","settings":{"heading":"Pairs well with","product_limit":4,"show_vendor":false,"show_price":true}},"sticky_buy_button":{"type":"sticky_buy_button","settings":{}}},"block_order":["vendor","title","excerpt","countdown","variant_picker","inventory","buy_buttons","pickup_availability","share","complementary","sticky_buy_button"],"settings":{"enable_sticky_info":true,"media_size":66,"gallery_layout":"columns","thumbnail_position":"beside","image_ratio":"adapt_first","image_zoom":"lightbox","hide_variants":false,"enable_video_autoplay":true,"enable_video_looping":true,"mobile_layout":"full_width","image_ratio_mobile":"adapt_first","mobile_thumbnail":false,"padding_top":0,"padding_bottom":52,"divider":false,"full_width":true,"rounded":false}},"help-drawer":{"type":"help-drawer","blocks":{"content-1":{"type":"content","settings":{"icon":"rocket","heading":"Shipping Information","text":"<p>Use this text to answer questions in as much detail as possible for your customers.<\/p>","highlighted_text":"none","highlighted_scribble":"circle","color_text":"#b45309","color_background":"#fffbeb","gradient_background":"","color_highlight":"#ffddbf","gradient_highlight":""}},"content-2":{"type":"content","settings":{"icon":"headphone","heading":"Customer Support","text":"<p>Use this text to answer questions in as much detail as possible for your customers.<\/p>","highlighted_text":"none","highlighted_scribble":"circle","color_text":"#0369a1","color_background":"#f0f9ff","gradient_background":"","color_highlight":"#ffddbf","gradient_highlight":""}},"content-3":{"type":"content","settings":{"icon":"chat_bubble","heading":"FAQ’s","text":"<p>Use this text to answer questions in as much detail as possible for your customers.<\/p>","highlighted_text":"none","highlighted_scribble":"circle","color_text":"#be123c","color_background":"#fff1f2","gradient_background":"","color_highlight":"#ffddbf","gradient_highlight":""}},"content-4":{"type":"content","settings":{"icon":"phone","heading":"Contact Us","text":"<p>Use this text to answer questions in as much detail as possible for your customers.<\/p>","highlighted_text":"none","highlighted_scribble":"circle","color_text":"#4d7c0f","color_background":"#f7fee7","gradient_background":"","color_highlight":"#ffddbf","gradient_highlight":""}}},"block_order":["content-1","content-2","content-3","content-4"],"settings":{"heading":"Need help?","description":"<p>If you have any questions, you are always welcome to contact us. We'll get back to you as soon as possible, within 24 hours on weekdays.<\/p>"}},"product-details":{"type":"product-details","blocks":{"description":{"type":"description","settings":{"icon":"none","icon_width":24,"heading":"Product description","split_mode":true}},"collapsible_tab-1":{"type":"collapsible_tab","settings":{"icon":"none","icon_image":"","icon_width":24,"heading":"Collapsible row 1","content":"<p>Use this text to share information about your brand with your customers. Describe a product, share announcements, or welcome customers to your store.<\/p>","metafields":""}},"collapsible_tab-2":{"type":"collapsible_tab","settings":{"icon":"none","icon_image":"","icon_width":24,"heading":"Collapsible row 2","content":"<p>Use this text to share information about your brand with your customers. Describe a product, share announcements, or welcome customers to your store.<\/p>","metafields":""}},"collapsible_tab-3":{"type":"collapsible_tab","settings":{"icon":"none","icon_image":"","icon_width":24,"heading":"Collapsible row 3","content":"<p>Use this text to share information about your brand with your customers. Describe a product, share announcements, or welcome customers to your store.<\/p>","metafields":""}},"collapsible_tab-4":{"type":"collapsible_tab","settings":{"icon":"none","icon_image":"","icon_width":24,"heading":"Collapsible row 4","content":"<p>Use this text to share information about your brand with your customers. Describe a product, share announcements, or welcome customers to your store.<\/p>","metafields":""}},"collapsible_tab-5":{"type":"collapsible_tab","settings":{"icon":"none","icon_image":"","icon_width":24,"heading":"Collapsible row 5","content":"<p>Use this text to share information about your brand with your customers. Describe a product, share announcements, or welcome customers to your store.<\/p>","metafields":""}}},"block_order":["description","collapsible_tab-1","collapsible_tab-2","collapsible_tab-3","collapsible_tab-4","collapsible_tab-5"],"settings":{"style":"with-background","open_first_row":true,"specifications_heading":"","heading":"","heading_size":"title-md","heading_alignment":"text-left md:items-end md:flex-row","heading_tag":"h2","subheading":"","description":"","button_label":"","button_link":"","button_icon":true,"highlighted_text":"none","highlighted_scribble":"circle","color_text":"","color_background":"","gradient_background":"","color_highlight":"","gradient_highlight":"","color_button_text":"","color_button_background":"","color_button_gradient":"","padding_top":48,"padding_bottom":52,"divider":false,"full_width":false,"rounded":false}},"scrolling-banner":{"type":"scrolling-banner","blocks":{"image-1":{"type":"image","settings":{"image":"","icon":"none","icon_image":"","icon_width":48,"heading":"Image heading","heading_size":"title-sm","heading_tag":"h2","subheading":"","description":"<p>Pair text with an image to focus on your chosen product, collection, or blog post. Add details on availability, style, or even provide a review.<\/p>","button_label":"","button_link":"","button_icon":false,"highlighted_text":"none","highlighted_scribble":"circle"}},"video":{"type":"video","settings":{"video_url":"https:\/\/www.youtube.com\/watch?v=_9VUPq3SxOc","cover_image":"","icon":"none","icon_image":"","icon_width":48,"heading":"Video heading","heading_size":"title-sm","heading_tag":"h2","subheading":"","description":"<p>Pair text with a video to focus on your chosen product, collection, or blog post. Add details on availability, style, or even provide a review.<\/p>","button_label":"","button_link":"","button_icon":true,"highlighted_text":"none","highlighted_scribble":"circle"}},"image-2":{"type":"image","settings":{"image":"","icon":"none","icon_image":"","icon_width":48,"heading":"Image heading","heading_size":"title-sm","heading_tag":"h2","subheading":"","description":"<p>Pair text with an image to focus on your chosen product, collection, or blog post. Add details on availability, style, or even provide a review.<\/p>","button_label":"","button_link":"","button_icon":true,"highlighted_text":"none","highlighted_scribble":"circle"}}},"block_order":["image-1","video","image-2"],"settings":{"image_height":"100vh","image_width":"medium","layout":"text_first","text_alignment":"left","content_position":"items-end","image_height_mobile":"300px","text_alignment_mobile":"left","color_text":"","color_background":"","gradient_background":"","color_background_2":"#faf7f7","gradient_background_2":"","color_highlight":"","gradient_highlight":"","color_button_text":"","color_button_background":"","color_button_gradient":"","padding_top":48,"padding_bottom":52,"divider":false,"full_width":false,"rounded":false}},"shop-the-look":{"type":"shop-the-look","blocks":{"product-1":{"type":"product","settings":{"product":"","color_text":"#ffffff","vertical":35,"horizontal":15,"vertical_mobile":25,"horizontal_mobile":25}},"product-2":{"type":"product","settings":{"product":"","color_text":"#ffffff","vertical":65,"horizontal":38,"vertical_mobile":75,"horizontal_mobile":65}},"product-3":{"type":"product","settings":{"product":"","color_text":"#ffffff","vertical":50,"horizontal":62,"vertical_mobile":50,"horizontal_mobile":50}}},"block_order":["product-1","product-2","product-3"],"settings":{"image":"","heading":"Shop the <em>look<\/em>","heading_size":"title-sm","heading_alignment":"text-center md:items-center","heading_tag":"h2","subheading":"Add a tagline","description":"","button_label":"","button_link":"","button_icon":true,"highlighted_text":"scribble","highlighted_scribble":"squiggle-underline","color_text":"","color_background":"","gradient_background":"","color_highlight":"","gradient_highlight":"","color_button_text":"","color_button_background":"","color_button_gradient":"","color_overlay":"#171717","overlay_opacity":0,"padding_top":48,"padding_bottom":52,"divider":false,"full_width":false,"rounded":false}},"scrolling-text":{"type":"scrolling-text","blocks":{"text-1":{"type":"text","settings":{"text":"<em>Free Shipping<\/em>","text_size":96,"text_font":"heading","highlighted_text":"text","highlighted_scribble":"circle"}},"image-1":{"type":"image","settings":{"image":"","height":140}},"text-2":{"type":"text","settings":{"text":"<em>Hassle-Free Exchanges<\/em>","text_size":96,"text_font":"heading","highlighted_text":"text","highlighted_scribble":"circle"}},"image-2":{"type":"image","settings":{"image":"","height":140}}},"block_order":["text-1","image-1","text-2","image-2"],"settings":{"direction":"left","speed":20,"grid_horizontal":60,"enable_twin":false,"enable_parallax":true,"color_text":"","color_background":"","gradient_background":"","color_highlight":"","gradient_highlight":"linear-gradient(90deg, rgba(123, 84, 84, 1), rgba(157, 162, 143, 1) 100%)","padding_top":48,"padding_bottom":40,"divider":false,"rounded":false}},"faq":{"type":"faq","blocks":{"question-1":{"type":"question","settings":{"title":"Frequently asked question","text":"<p>Use this text to answer questions in as much detail as possible for your customers.<\/p>","highlighted_text":"none","highlighted_scribble":"circle"}},"question-2":{"type":"question","settings":{"title":"Frequently asked question","text":"<p>Use this text to answer questions in as much detail as possible for your customers.<\/p>","highlighted_text":"none","highlighted_scribble":"circle"}},"question-3":{"type":"question","settings":{"title":"Frequently asked question","text":"<p>Use this text to answer questions in as much detail as possible for your customers.<\/p>","highlighted_text":"none","highlighted_scribble":"circle"}},"question-4":{"type":"question","settings":{"title":"Frequently asked question","text":"<p>Use this text to answer questions in as much detail as possible for your customers.<\/p>","highlighted_text":"none","highlighted_scribble":"circle"}},"question-5":{"type":"question","settings":{"title":"Frequently asked question","text":"<p>Use this text to answer questions in as much detail as possible for your customers.<\/p>","highlighted_text":"none","highlighted_scribble":"circle"}},"contact":{"type":"contact","settings":{"text":"<p>Don't hestitate to contact us<\/p>","show_phone":false,"avatar":"","avatar_height":60,"highlighted_text":"none","highlighted_scribble":"circle"}}},"block_order":["question-1","question-2","question-3","question-4","question-5","contact"],"settings":{"style":"with-background","heading":"FAQs","heading_size":"title-lg tracking-heading","heading_alignment":"text-left md:items-end md:flex-row","heading_tag":"h2","subheading":"","description":"<p>Please read our <a href=\"\/pages\/faqs\" title=\"FAQ's\">FAQs<\/a> page to find out more.<\/p>","button_label":"","button_link":"","button_icon":true,"highlighted_text":"none","highlighted_scribble":"circle","color_text":"#ffffff","color_background":"#c4cfa4","gradient_background":"linear-gradient(90deg, rgba(123, 84, 84, 1), rgba(196, 207, 164, 1) 100%)","color_highlight":"","gradient_highlight":"","color_button_text":"#62654c","color_button_background":"#ffffff","color_button_gradient":"","color_overlay":"#000000","overlay_opacity":20,"padding_top":40,"padding_bottom":48,"divider":false,"narrow":false,"rounded":false}},"product-recommendations":{"type":"product-recommendations","settings":{"product_limit":6,"columns":4,"carousel_on_desktop":true,"columns_mobile":"1","swipe_on_mobile":true,"heading":"You may also like","heading_size":"title-md","heading_alignment":"text-left md:items-end md:flex-row","heading_tag":"h2","subheading":"","description":"","highlighted_text":"none","highlighted_scribble":"circle","color_text":"","color_background":"","gradient_background":"","color_highlight":"","gradient_highlight":"","color_button_text":"","color_button_background":"","color_button_gradient":"","padding_top":52,"padding_bottom":36,"divider":false,"full_width":false,"rounded":true}},"recently-viewed":{"type":"recently-viewed","disabled":true,"settings":{"product_limit":6,"columns":4,"carousel_on_desktop":true,"columns_mobile":"1","swipe_on_mobile":true,"heading":"Recently Viewed","heading_size":"title-md","heading_alignment":"text-left md:items-end md:flex-row","heading_tag":"h2","subheading":"","description":"","highlighted_text":"none","highlighted_scribble":"circle","color_text":"","color_background":"","gradient_background":"","color_highlight":"","gradient_highlight":"","color_button_text":"","color_button_background":"","color_button_gradient":"","padding_top":72,"padding_bottom":72,"divider":false,"full_width":false,"rounded":false}}},"order":["main-product","help-drawer","product-details","scrolling-banner","shop-the-look","scrolling-text","faq","product-recommendations","recently-viewed"]}