{
  "sections": {
    "main-product": {
      "type": "main-product",
      "blocks": {
        "vendor": {
          "type": "text",
          "settings": {
            "text": "{{ product.vendor }}",
            "text_size": "text-base"
          }
        },
        "title": {
          "type": "title",
          "settings": {
            "title_size": "product-title-md",
            "title_size_mobile": "product-title-md",
            "show_price": true,
            "show_rating": true
          }
        },
        "description": {
          "type": "description",
          "settings": {
            "text_size": "text-base"
          }
        },
        "countdown": {
          "type": "countdown",
          "settings": {
            "heading": "Hurry up!",
            "subheading": "Sale end in:",
            "color_text": "#e11d48",
            "color_background": "#fff1f2",
            "gradient_background": ""
          }
        },
        "variant_picker": {
          "type": "variant_picker",
          "settings": {
            "show_variant_labels": true,
            "picker_type": "button",
            "enable_color_swatches": true,
            "color_swatch_type": "color",
            "size_chart": ""
          }
        },
        "inventory": {
          "type": "inventory",
          "settings": {
            "inventory_threshold": 15,
            "show_inventory_transfer": true,
            "color_scheme": "accent-1"
          }
        },
        "buy_buttons": {
          "type": "buy_buttons",
          "settings": {
            "show_quantity_selector": true,
            "show_dynamic_checkout": true,
            "show_gift_card_recipient": true
          }
        },
        "pickup_availability": {
          "type": "pickup_availability",
          "settings": {
          }
        },
        "share": {
          "type": "share",
          "settings": {
            "share_label": "Share",
            "show_help_desk": true,
            "help_label": "Need help?",
            "help_type": "drawer",
            "help_page": ""
          }
        },
        "complementary": {
          "type": "complementary",
          "settings": {
            "heading": "Pairs well with",
            "product_limit": 4,
            "show_vendor": false,
            "show_price": true
          }
        },
        "sticky_buy_button": {
          "type": "sticky_buy_button",
          "settings": {
          }
        }
      },
      "block_order": [
        "vendor",
        "title",
        "description",
        "countdown",
        "variant_picker",
        "inventory",
        "buy_buttons",
        "pickup_availability",
        "share",
        "complementary",
        "sticky_buy_button"
      ],
      "settings": {
        "enable_sticky_info": true,
        "media_size": 66,
        "gallery_layout": "scroll",
        "thumbnail_position": "beside",
        "image_zoom": "lightbox",
        "hide_variants": false,
        "enable_video_autoplay": true,
        "enable_video_looping": true,
        "mobile_layout": "full_width",
        "mobile_thumbnail": false,
        "padding_top": 0,
        "padding_bottom": 84,
        "divider": false,
        "full_width": true,
        "rounded": false
      }
    },
    "help-drawer": {
      "type": "help-drawer",
      "blocks": {
        "content-1": {
          "type": "content",
          "settings": {
            "icon": "rocket",
            "heading": "Shipping Information",
            "text": "<p>Use this text to answer questions in as much detail as possible for your customers.</p>",
            "highlighted_text": "none",
            "highlighted_scribble": "circle",
            "color_text": "#b45309",
            "color_background": "#fffbeb",
            "gradient_background": "",
            "color_highlight": "#ffddbf",
            "gradient_highlight": ""
          }
        },
        "content-2": {
          "type": "content",
          "settings": {
            "icon": "headphone",
            "heading": "Customer Support",
            "text": "<p>Use this text to answer questions in as much detail as possible for your customers.</p>",
            "highlighted_text": "none",
            "highlighted_scribble": "circle",
            "color_text": "#0369a1",
            "color_background": "#f0f9ff",
            "gradient_background": "",
            "color_highlight": "#ffddbf",
            "gradient_highlight": ""
          }
        },
        "content-3": {
          "type": "content",
          "settings": {
            "icon": "chat_bubble",
            "heading": "FAQ’s",
            "text": "<p>Use this text to answer questions in as much detail as possible for your customers.</p>",
            "highlighted_text": "none",
            "highlighted_scribble": "circle",
            "color_text": "#be123c",
            "color_background": "#fff1f2",
            "gradient_background": "",
            "color_highlight": "#ffddbf",
            "gradient_highlight": ""
          }
        },
        "content-4": {
          "type": "content",
          "settings": {
            "icon": "phone",
            "heading": "Contact Us",
            "text": "<p>Use this text to answer questions in as much detail as possible for your customers.</p>",
            "highlighted_text": "none",
            "highlighted_scribble": "circle",
            "color_text": "#4d7c0f",
            "color_background": "#f7fee7",
            "gradient_background": "",
            "color_highlight": "#ffddbf",
            "gradient_highlight": ""
          }
        }
      },
      "block_order": [
        "content-1",
        "content-2",
        "content-3",
        "content-4"
      ],
      "settings": {
        "heading": "Need help?",
        "description": "<p>If you have any questions, you are always welcome to contact us. We'll get back to you as soon as possible, within 24 hours on weekdays.</p>"
      }
    }
  },
  "order": [
    "main-product",
    "help-drawer"
  ]
}