{"order":["main-product","help-drawer","video-hero","collage","image-with-text-1","scrolling-text","image-with-text-2","product-details","faq","product-recommendations","recently-viewed"],"sections":{"collage":{"block_order":["image-1","image-2","image-3","image-4"],"blocks":{"image-1":{"settings":{"color_highlight":"#fde047","color_overlay":"#000000","color_text":"#ffffff","content_position":"md:items-end md:justify-center","content_position_mobile":"items-end justify-center","gradient_highlight":"","heading":"Example heading","highlighted_scribble":"circle","highlighted_text":"text","image":"","image_ratio":"landscape","image_ratio_mobile":"landscape","invert_subheading_heading":false,"link":"","overlay_opacity":40,"subheading":"\u003cem\u003eTagline\u003c/em\u003e","text_alignment":"center","text_alignment_mobile":"center"},"type":"image"},"image-2":{"settings":{"color_highlight":"#fde047","color_overlay":"#000000","color_text":"#ffffff","content_position":"md:items-end md:justify-start","content_position_mobile":"items-end justify-start","gradient_highlight":"","heading":"Example heading","highlighted_scribble":"circle","highlighted_text":"text","image":"","image_ratio":"portrait","image_ratio_mobile":"portrait","invert_subheading_heading":false,"link":"","overlay_opacity":40,"subheading":"\u003cem\u003eTagline\u003c/em\u003e","text_alignment":"left","text_alignment_mobile":"left"},"type":"image"},"image-3":{"settings":{"color_highlight":"#fde047","color_overlay":"#000000","color_text":"#ffffff","content_position":"md:items-start md:justify-end","content_position_mobile":"items-start justify-end","gradient_highlight":"","heading":"Example heading","highlighted_scribble":"circle","highlighted_text":"text","image":"","image_ratio":"portrait","image_ratio_mobile":"portrait","invert_subheading_heading":false,"link":"","overlay_opacity":40,"subheading":"\u003cem\u003eTagline\u003c/em\u003e","text_alignment":"right","text_alignment_mobile":"right"},"type":"image"},"image-4":{"settings":{"color_highlight":"#fde047","color_overlay":"#000000","color_text":"#ffffff","content_position":"md:items-end md:justify-end","content_position_mobile":"items-end justify-end","gradient_highlight":"","heading":"Example heading","highlighted_scribble":"circle","highlighted_text":"text","image":"","image_ratio":"landscape","image_ratio_mobile":"landscape","invert_subheading_heading":true,"link":"","overlay_opacity":40,"subheading":"\u003cem\u003eTagline\u003c/em\u003e","text_alignment":"right","text_alignment_mobile":"right"},"type":"image"}},"settings":{"button_icon":true,"button_label":"View more","button_link":"","color_background":"","color_button_background":"","color_button_gradient":"","color_button_text":"","color_highlight":"","color_text":"","description":"\u003cp\u003eShare information about your brand with your customers. Describe a product, share announcements, or welcome customers to your store.\u003c/p\u003e","divider":false,"enable_parallax":true,"full_width":false,"gradient_background":"","gradient_highlight":"","heading":"Collage","heading_alignment":"text-left md:items-end md:flex-row","heading_size":"title-md","heading_tag":"h2","highlighted_scribble":"basic-underline","highlighted_text":"scribble","padding_bottom":0,"padding_top":72,"rounded":false,"subheading":""},"type":"collage"},"faq":{"block_order":["question-1","question-2","question-3","question-4","question-5","contact"],"blocks":{"contact":{"settings":{"avatar":"","avatar_height":60,"highlighted_scribble":"circle","highlighted_text":"none","show_phone":false,"text":"\u003cp\u003eDon't hestitate to contact us\u003c/p\u003e"},"type":"contact"},"question-1":{"settings":{"highlighted_scribble":"circle","highlighted_text":"none","text":"\u003cp\u003eUse this text to answer questions in as much detail as possible for your customers.\u003c/p\u003e","title":"Frequently asked question"},"type":"question"},"question-2":{"settings":{"highlighted_scribble":"circle","highlighted_text":"none","text":"\u003cp\u003eUse this text to answer questions in as much detail as possible for your customers.\u003c/p\u003e","title":"Frequently asked question"},"type":"question"},"question-3":{"settings":{"highlighted_scribble":"circle","highlighted_text":"none","text":"\u003cp\u003eUse this text to answer questions in as much detail as possible for your customers.\u003c/p\u003e","title":"Frequently asked question"},"type":"question"},"question-4":{"settings":{"highlighted_scribble":"circle","highlighted_text":"none","text":"\u003cp\u003eUse this text to answer questions in as much detail as possible for your customers.\u003c/p\u003e","title":"Frequently asked question"},"type":"question"},"question-5":{"settings":{"highlighted_scribble":"circle","highlighted_text":"none","text":"\u003cp\u003eUse this text to answer questions in as much detail as possible for your customers.\u003c/p\u003e","title":"Frequently asked question"},"type":"question"}},"settings":{"button_icon":true,"button_label":"","button_link":"","color_background":"#171717","color_button_background":"#ffffff","color_button_gradient":"","color_button_text":"#171717","color_highlight":"","color_text":"#ffffff","description":"\u003cp\u003ePlease read our \u003ca href=\"#\" title=\"FAQ's\"\u003eFAQs\u003c/a\u003e page to find out more.\u003c/p\u003e","divider":false,"gradient_background":"","gradient_highlight":"","heading":"FAQs","heading_alignment":"text-left md:items-end md:flex-row","heading_size":"title-lg tracking-heading","heading_tag":"h2","highlighted_scribble":"circle","highlighted_text":"none","narrow":false,"padding_bottom":84,"padding_top":84,"rounded":false,"style":"with-background","subheading":""},"type":"faq"},"help-drawer":{"block_order":["content-1","content-2","content-3","content-4"],"blocks":{"content-1":{"settings":{"color_background":"#fffbeb","color_highlight":"#ffddbf","color_text":"#b45309","gradient_background":"","gradient_highlight":"","heading":"Shipping Information","highlighted_scribble":"circle","highlighted_text":"none","icon":"rocket","text":"\u003cp\u003eUse this text to answer questions in as much detail as possible for your customers.\u003c/p\u003e"},"type":"content"},"content-2":{"settings":{"color_background":"#f0f9ff","color_highlight":"#ffddbf","color_text":"#0369a1","gradient_background":"","gradient_highlight":"","heading":"Customer Support","highlighted_scribble":"circle","highlighted_text":"none","icon":"headphone","text":"\u003cp\u003eUse this text to answer questions in as much detail as possible for your customers.\u003c/p\u003e"},"type":"content"},"content-3":{"settings":{"color_background":"#fff1f2","color_highlight":"#ffddbf","color_text":"#be123c","gradient_background":"","gradient_highlight":"","heading":"FAQ’s","highlighted_scribble":"circle","highlighted_text":"none","icon":"chat_bubble","text":"\u003cp\u003eUse this text to answer questions in as much detail as possible for your customers.\u003c/p\u003e"},"type":"content"},"content-4":{"settings":{"color_background":"#f7fee7","color_highlight":"#ffddbf","color_text":"#4d7c0f","gradient_background":"","gradient_highlight":"","heading":"Contact Us","highlighted_scribble":"circle","highlighted_text":"none","icon":"phone","text":"\u003cp\u003eUse this text to answer questions in as much detail as possible for your customers.\u003c/p\u003e"},"type":"content"}},"settings":{"description":"\u003cp\u003eIf you have any questions, you are always welcome to contact us. We'll get back to you as soon as possible, within 24 hours on weekdays.\u003c/p\u003e","heading":"Need help?"},"type":"help-drawer"},"image-with-text-1":{"block_order":["image","heading","text"],"blocks":{"heading":{"settings":{"heading":"Image with text","heading_size":"title-md","heading_tag":"h2","highlighted_scribble":"circle","highlighted_text":"none"},"type":"heading"},"image":{"settings":{"image":"","image_max_width":50,"image_max_width_mobile":50,"image_width":"custom"},"type":"image"},"text":{"settings":{"highlighted_scribble":"circle","highlighted_text":"none","secondary_color":false,"text":"\u003cp\u003eShare information about your brand with your customers. Describe a product, share announcements, or welcome customers to your store.\u003c/p\u003e","text_font":"body","text_max_size":32,"text_size":"subtext-md"},"type":"text"}},"settings":{"color_background":"","color_background_2":"#fafafa","color_button_background":"","color_button_gradient":"","color_button_text":"","color_highlight":"","color_text":"#171717","divider":false,"enable_parallax":false,"gradient_background":"","gradient_background_2":"","gradient_highlight":"","image":"","image_height":"600px","image_height_mobile":"400px","image_width":"medium","layout":"image_first","padding_bottom":72,"padding_top":72,"parallax_direction":"vertical","rounded":false,"text_alignment":"left","text_alignment_mobile":"left"},"type":"image-with-text"},"image-with-text-2":{"block_order":["image","heading","text"],"blocks":{"heading":{"settings":{"heading":"Image with text","heading_size":"title-md","heading_tag":"h2","highlighted_scribble":"circle","highlighted_text":"none"},"type":"heading"},"image":{"settings":{"image":"","image_max_width":50,"image_max_width_mobile":50,"image_width":"custom"},"type":"image"},"text":{"settings":{"highlighted_scribble":"circle","highlighted_text":"none","secondary_color":false,"text":"\u003cp\u003eShare information about your brand with your customers. Describe a product, share announcements, or welcome customers to your store.\u003c/p\u003e","text_font":"body","text_max_size":32,"text_size":"subtext-md"},"type":"text"}},"settings":{"color_background":"","color_background_2":"#fafafa","color_button_background":"","color_button_gradient":"","color_button_text":"","color_highlight":"","color_text":"#171717","divider":false,"enable_parallax":false,"gradient_background":"","gradient_background_2":"","gradient_highlight":"","image":"","image_height":"600px","image_height_mobile":"400px","image_width":"medium","layout":"text_first","padding_bottom":72,"padding_top":72,"parallax_direction":"vertical","rounded":false,"text_alignment":"left","text_alignment_mobile":"left"},"type":"image-with-text"},"main-product":{"block_order":["vendor","title","description","countdown","variant_picker","inventory","buy_buttons","pickup_availability","share","complementary","text-1","text-2","text-3","text-4","sticky_buy_button"],"blocks":{"buy_buttons":{"settings":{"show_dynamic_checkout":true,"show_gift_card_recipient":true,"show_quantity_selector":true},"type":"buy_buttons"},"complementary":{"settings":{"heading":"Pairs well with","product_limit":4,"show_price":true,"show_vendor":false},"type":"complementary"},"countdown":{"settings":{"color_background":"#fff1f2","color_text":"#e11d48","gradient_background":"","heading":"Hurry up!","subheading":"Sale end in:"},"type":"countdown"},"description":{"settings":{"text_size":"text-base"},"type":"description"},"inventory":{"settings":{"color_scheme":"accent-1","inventory_threshold":15,"show_inventory_transfer":true},"type":"inventory"},"pickup_availability":{"settings":{},"type":"pickup_availability"},"share":{"settings":{"help_label":"Need help?","help_page":"","help_type":"drawer","share_label":"Share","show_help_desk":true},"type":"share"},"sticky_buy_button":{"settings":{},"type":"sticky_buy_button"},"text-1":{"settings":{"icon":"truck","icon_width":20,"text":"In stock! Ships within 1-2 business days.","text_size":"text-sm"},"type":"text"},"text-2":{"settings":{"icon":"headphone","icon_width":20,"text":"90-day risk-free trial","text_size":"text-sm"},"type":"text"},"text-3":{"settings":{"icon":"award","icon_width":20,"text":"2-Year Warranty","text_size":"text-sm"},"type":"text"},"text-4":{"settings":{"icon":"box","icon_width":20,"text":"Complimentary shipping \u0026 returns","text_size":"text-sm"},"type":"text"},"title":{"settings":{"show_price":true,"show_rating":true,"title_size":"product-title-md","title_size_mobile":"product-title-md"},"type":"title"},"variant_picker":{"settings":{"color_swatch_type":"color","enable_color_swatches":true,"picker_type":"button","show_variant_labels":true,"size_chart":""},"type":"variant_picker"},"vendor":{"settings":{"text":"{{ product.vendor }}","text_size":"text-base"},"type":"text"}},"settings":{"divider":false,"enable_sticky_info":true,"enable_video_autoplay":true,"enable_video_looping":true,"full_width":true,"gallery_layout":"scroll","hide_variants":false,"image_zoom":"lightbox","media_size":66,"mobile_layout":"full_width","mobile_thumbnail":false,"padding_bottom":84,"padding_top":0,"rounded":false,"thumbnail_position":"beside"},"type":"main-product"},"product-details":{"block_order":["collapsible_tab-1","collapsible_tab-2","collapsible_tab-3","collapsible_tab-4"],"blocks":{"collapsible_tab-1":{"settings":{"content":"\u003cp\u003eUse this text to share information about your brand with your customers. Describe a product, share announcements, or welcome customers to your store.\u003c/p\u003e","heading":"Collapsible row 1","icon":"none","icon_image":"","icon_width":24,"metafields":""},"type":"collapsible_tab"},"collapsible_tab-2":{"settings":{"content":"\u003cp\u003eUse this text to share information about your brand with your customers. Describe a product, share announcements, or welcome customers to your store.\u003c/p\u003e","heading":"Collapsible row 2","icon":"none","icon_image":"","icon_width":24,"metafields":""},"type":"collapsible_tab"},"collapsible_tab-3":{"settings":{"content":"\u003cp\u003eUse this text to share information about your brand with your customers. Describe a product, share announcements, or welcome customers to your store.\u003c/p\u003e","heading":"Collapsible row 3","icon":"none","icon_image":"","icon_width":24,"metafields":""},"type":"collapsible_tab"},"collapsible_tab-4":{"settings":{"content":"\u003cp\u003eUse this text to share information about your brand with your customers. Describe a product, share announcements, or welcome customers to your store.\u003c/p\u003e","heading":"Collapsible row 4","icon":"none","icon_image":"","icon_width":24,"metafields":""},"type":"collapsible_tab"}},"settings":{"color_background":"","color_highlight":"","color_text":"#000000","description":"","divider":false,"full_width":false,"gradient_background":"","gradient_highlight":"","heading":"Product details","heading_alignment":"text-left md:items-end md:flex-row","heading_size":"title-md","heading_tag":"h2","highlighted_scribble":"circle","highlighted_text":"none","open_first_row":true,"padding_bottom":28,"padding_top":28,"rounded":false,"specifications_heading":"","subheading":""},"type":"product-details"},"product-recommendations":{"settings":{"carousel_on_desktop":true,"color_background":"","color_button_background":"","color_button_gradient":"","color_button_text":"","color_highlight":"","color_text":"","columns":4,"columns_mobile":"1","description":"","divider":false,"full_width":false,"gradient_background":"","gradient_highlight":"","heading":"You may also like","heading_alignment":"text-left md:items-end md:flex-row","heading_size":"title-md","heading_tag":"h2","highlighted_scribble":"circle","highlighted_text":"none","padding_bottom":72,"padding_top":72,"product_limit":6,"rounded":true,"subheading":"","swipe_on_mobile":true},"type":"product-recommendations"},"recently-viewed":{"disabled":true,"settings":{"carousel_on_desktop":true,"color_background":"","color_button_background":"","color_button_gradient":"","color_button_text":"","color_highlight":"","color_text":"","columns":4,"columns_mobile":"1","description":"","divider":false,"full_width":false,"gradient_background":"","gradient_highlight":"","heading":"Recently Viewed","heading_alignment":"text-left md:items-end md:flex-row","heading_size":"title-md","heading_tag":"h2","highlighted_scribble":"circle","highlighted_text":"none","padding_bottom":72,"padding_top":72,"product_limit":6,"rounded":false,"subheading":"","swipe_on_mobile":true},"type":"recently-viewed"},"scrolling-text":{"block_order":["text"],"blocks":{"text":{"settings":{"highlighted_scribble":"circle","highlighted_text":"stencil","text":"\u003cem\u003e\u003cstrong\u003eFree shipping and returns\u003c/strong\u003e\u003c/em\u003e","text_font":"body","text_size":160},"type":"text"}},"settings":{"color_background":"","color_text":"","direction":"left","divider":false,"enable_parallax":true,"enable_twin":false,"gradient_background":"","grid_horizontal":70,"padding_bottom":28,"padding_top":28,"rounded":false,"speed":20},"type":"scrolling-text"},"video-hero":{"block_order":["slide-1","slide-2","slide-3","slide-4"],"blocks":{"slide-1":{"settings":{"heading":"Video slide 1","heading_size":"title-lg tracking-heading","heading_tag":"h2","highlighted_scribble":"circle","highlighted_text":"none"},"type":"slide"},"slide-2":{"settings":{"heading":"Video slide 2","heading_size":"title-lg tracking-heading","heading_tag":"h2","highlighted_scribble":"circle","highlighted_text":"none"},"type":"slide"},"slide-3":{"settings":{"heading":"Video slide 3","heading_size":"title-lg tracking-heading","heading_tag":"h2","highlighted_scribble":"circle","highlighted_text":"none"},"type":"slide"},"slide-4":{"settings":{"heading":"Video slide 4","heading_size":"title-lg tracking-heading","heading_tag":"h2","highlighted_scribble":"circle","highlighted_text":"none"},"type":"slide"}},"settings":{"color_highlight":"","color_overlay":"#000000","color_text":"#ffffff","content_width":"medium","description":"","divider":false,"enable_video_autoplay":true,"enable_video_looping":true,"full_width":true,"gradient_highlight":"","overlay_opacity":40,"padding_bottom":0,"padding_top":0,"rounded":false,"transparent_header":false,"video_url":"https://www.youtube.com/watch?v=_9VUPq3SxOc","video_url_mobile":""},"type":"video-hero"}}}