{
  "sections": {
    "main-product": {
      "type": "main-product",
      "blocks": {
        "vendor": {
          "type": "text",
          "settings": {
            "text": "{{ product.vendor }}",
            "text_size": "text-base"
          }
        },
        "title": {
          "type": "title",
          "settings": {
            "title_size": "product-title-md",
            "show_price": true,
            "show_rating": true
          }
        },
        "description": {
          "type": "description",
          "settings": {
            "text_size": "text-base"
          }
        },
        "variant_picker": {
          "type": "variant_picker",
          "settings": {
            "show_variant_labels": true,
            "picker_type": "button",
            "enable_color_swatches": true,
            "size_chart": ""
          }
        },
        "inventory": {
          "type": "inventory",
          "settings": {
            "inventory_threshold": 15,
            "show_inventory_transfer": true,
            "color_scheme": "accent-1"
          }
        },
        "buy_buttons": {
          "type": "buy_buttons",
          "settings": {
            "show_quantity_selector": true,
            "show_dynamic_checkout": true,
            "show_gift_card_recipient": true
          }
        },
        "share": {
          "type": "share",
          "settings": {
            "share_label": "Share",
            "show_help_desk": true,
            "help_label": "Need help?",
            "help_type": "drawer",
            "help_page": ""
          }
        }
      },
      "block_order": [
        "vendor",
        "title",
        "description",
        "variant_picker",
        "inventory",
        "buy_buttons",
        "share"
      ],
      "settings": {
        "enable_sticky_info": true,
        "media_size": 60,
        "gallery_layout": "thumbnail",
        "thumbnail_position": "beside",
        "image_zoom": "lightbox",
        "hide_variants": false,
        "enable_video_autoplay": true,
        "enable_video_looping": true,
        "mobile_layout": "full_width",
        "mobile_thumbnail": false,
        "padding_top": 24,
        "padding_bottom": 84,
        "divider": false,
        "full_width": true,
        "rounded": false
      }
    },
    "help-drawer": {
      "type": "help-drawer",
      "blocks": {
        "content-1": {
          "type": "content",
          "settings": {
            "icon": "rocket",
            "heading": "Shipping Information",
            "text": "<p>Use this text to answer questions in as much detail as possible for your customers.</p>",
            "highlighted_text": "none",
            "highlighted_scribble": "circle",
            "color_text": "#b45309",
            "color_background": "#fffbeb",
            "gradient_background": "",
            "color_highlight": "#ffddbf",
            "gradient_highlight": ""
          }
        },
        "content-2": {
          "type": "content",
          "settings": {
            "icon": "headphone",
            "heading": "Customer Support",
            "text": "<p>Use this text to answer questions in as much detail as possible for your customers.</p>",
            "highlighted_text": "none",
            "highlighted_scribble": "circle",
            "color_text": "#0369a1",
            "color_background": "#f0f9ff",
            "gradient_background": "",
            "color_highlight": "#ffddbf",
            "gradient_highlight": ""
          }
        },
        "content-3": {
          "type": "content",
          "settings": {
            "icon": "chat_bubble",
            "heading": "FAQ’s",
            "text": "<p>Use this text to answer questions in as much detail as possible for your customers.</p>",
            "highlighted_text": "none",
            "highlighted_scribble": "circle",
            "color_text": "#be123c",
            "color_background": "#fff1f2",
            "gradient_background": "",
            "color_highlight": "#ffddbf",
            "gradient_highlight": ""
          }
        },
        "content-4": {
          "type": "content",
          "settings": {
            "icon": "phone",
            "heading": "Contact Us",
            "text": "<p>Use this text to answer questions in as much detail as possible for your customers.</p>",
            "highlighted_text": "none",
            "highlighted_scribble": "circle",
            "color_text": "#4d7c0f",
            "color_background": "#f7fee7",
            "gradient_background": "",
            "color_highlight": "#ffddbf",
            "gradient_highlight": ""
          }
        }
      },
      "block_order": [
        "content-1",
        "content-2",
        "content-3",
        "content-4"
      ],
      "settings": {
        "heading": "Need help?",
        "description": "<p>If you have any questions, you are always welcome to contact us. We'll get back to you as soon as possible, within 24 hours on weekdays.</p>"
      }
    },
    "product-recommendations": {
      "type": "product-recommendations",
      "disabled": true,
      "settings": {
        "product_limit": 6,
        "columns": 4,
        "carousel_on_desktop": true,
        "columns_mobile": "1",
        "swipe_on_mobile": true,
        "heading": "You may also like",
        "heading_size": "title-md",
        "heading_alignment": "text-left md:items-end md:flex-row",
        "heading_tag": "h2",
        "subheading": "",
        "description": "",
        "highlighted_text": "none",
        "highlighted_scribble": "circle",
        "color_text": "",
        "color_background": "",
        "gradient_background": "",
        "color_highlight": "",
        "gradient_highlight": "",
        "color_button_text": "",
        "color_button_background": "",
        "color_button_gradient": "",
        "padding_top": 72,
        "padding_bottom": 72,
        "divider": false,
        "full_width": false,
        "rounded": true
      }
    },
    "recently-viewed": {
      "type": "recently-viewed",
      "settings": {
        "product_limit": 6,
        "columns": 4,
        "carousel_on_desktop": true,
        "columns_mobile": "1",
        "swipe_on_mobile": true,
        "heading": "Recently Viewed",
        "heading_size": "title-md",
        "heading_alignment": "text-left md:items-end md:flex-row",
        "heading_tag": "h2",
        "subheading": "",
        "description": "",
        "highlighted_text": "none",
        "highlighted_scribble": "circle",
        "color_text": "",
        "color_background": "",
        "gradient_background": "",
        "color_highlight": "",
        "gradient_highlight": "",
        "color_button_text": "",
        "color_button_background": "",
        "color_button_gradient": "",
        "padding_top": 72,
        "padding_bottom": 72,
        "divider": false,
        "full_width": false,
        "rounded": false
      }
    }
  },
  "order": [
    "main-product",
    "help-drawer",
    "product-recommendations",
    "recently-viewed"
  ]
}