{
  "sections": {
    "main-product": {
      "type": "main-product-modal",
      "blocks": {
        "vendor": {
          "type": "text",
          "settings": {
            "text": "{{ product.vendor }}",
            "text_size": "text-base"
          }
        },
        "title": {
          "type": "title",
          "settings": {
            "title_size": "product-title-md",
            "title_size_mobile": "product-title-md",
            "show_price": true,
            "show_rating": true
          }
        },
        "countdown": {
          "type": "countdown",
          "settings": {
            "heading": "Hurry up!",
            "subheading": "Sale end in:",
            "color_text": "#e11d48",
            "color_background": "#fff1f2",
            "gradient_background": ""
          }
        },
        "variant_picker": {
          "type": "variant_picker",
          "settings": {
            "show_variant_labels": true,
            "picker_type": "button",
            "enable_color_swatches": true,
            "color_swatch_type": "color",
            "size_chart": ""
          }
        },
        "inventory": {
          "type": "inventory",
          "settings": {
            "inventory_threshold": 15,
            "show_inventory_transfer": true,
            "color_scheme": "accent-1"
          }
        },
        "buy_buttons": {
          "type": "buy_buttons",
          "settings": {
            "show_quantity_selector": true,
            "show_dynamic_checkout": true,
            "show_gift_card_recipient": true
          }
        },
        "pickup_availability": {
          "type": "pickup_availability",
          "settings": {
          }
        },
        "share": {
          "type": "share",
          "settings": {
            "share_label": "Share",
            "show_help_desk": true,
            "help_label": "Need help?",
            "help_page": ""
          }
        },
        "complementary": {
          "type": "complementary",
          "settings": {
            "heading": "Pairs well with",
            "product_limit": 4,
            "show_vendor": false,
            "show_price": true
          }
        },
        "read_more": {
          "type": "read_more",
          "settings": {
          }
        }
      },
      "block_order": [
        "vendor",
        "title",
        "countdown",
        "variant_picker",
        "inventory",
        "buy_buttons",
        "pickup_availability",
        "share",
        "complementary",
        "read_more"
      ],
      "settings": {
        "image_zoom": "lightbox",
        "hide_variants": false,
        "enable_video_autoplay": true,
        "enable_video_looping": true,
        "mobile_layout": "full_width"
      }
    }
  },
  "order": [
    "main-product"
  ]
}