{"type":"footer","name":"t:sections.footer-group.name","sections":{"footer":{"type":"footer","blocks":{"logo_social":{"type":"logo_social","settings":{"logo":"shopify:\/\/shop_images\/logo_1.webp","logo_height":36,"show_social":true,"enable_follow_on_shop":false}},"text_DU4JUb":{"type":"text","settings":{"heading":"Our Mission","text":"<p>Empowering creators worldwide with AI-powered tools and premium creative assets. Create without limits with Cineva's all-in-one creative suite.<\/p>","container_width":38,"opened":false}},"link_list-2":{"type":"link_list","settings":{"heading":"Company","menu":"footer","container_width":50,"opened":false}},"link_list-1":{"type":"link_list","settings":{"heading":"Policies","menu":"policies","container_width":50,"opened":false}}},"block_order":["logo_social","text_DU4JUb","link_list-2","link_list-1"],"settings":{"invert_newsletter_others":false,"enable_newsletter":false,"newsletter_heading":"Stay in the loop with our weekly newsletter","newsletter_heading_size":"md:title-lg","newsletter_text":"","newsletter_logo_height":50,"show_social":false,"enable_follow_on_shop":false,"color_text":"#ffffff","color_background":"#1f1f1f","gradient_background":"","color_button_text":"#000000","color_button_background":"#ffffff","color_button_gradient":"","padding_top":84,"padding_bottom":72,"divider":false,"full_width":false,"rounded":true,"enable_parallax":false}},"footer-copyright":{"type":"footer-copyright","settings":{"enable_language_selector":true,"enable_country_selector":true,"show_policy":false,"show_payment_icons":true,"monochrome_payment_icons":false,"show_copyright":true,"copyright_text":"All rights reserved","color_text":"#ffffff","color_background":"#171717","gradient_background":"","divider":false,"full_width":true,"rounded":true,"enable_parallax":true}}},"order":["footer","footer-copyright"]}