{"type":"header","name":"t:sections.header-group.name","sections":{"announcement-bar":{"type":"announcement-bar","blocks":{"announcement_Uhzjwq":{"type":"announcement","settings":{"icon":"none","text":"<strong>ATTENTION!! VIDEO EDITORS & FILMMAKERS<\/strong>","link":"","hide_icon_mobile":true,"text_mobile":"","highlighted_text":"none","highlighted_scribble":"basic-underline"}}},"block_order":["announcement_Uhzjwq"],"settings":{"show_social":true,"enable_language_selector":true,"enable_country_selector":true,"invert_icons_selectors":false,"announcement_position":"center","autoplay":true,"autoplay_speed":5,"show_navigation":true,"color_text":"#ffffff","color_background":"#10bf32","gradient_background":"","color_highlight":"#ffddbf","gradient_highlight":"","hide_homepage":false,"full_width":true,"rounded":false}},"header":{"type":"header","settings":{"menu":"main-menu","menu_mobile":"","menu_active":"block","hover_menu":true,"header_layout":"center-drawer","sticky_header_type":"always","enable_language_selector_desktop":false,"enable_country_selector_desktop":false,"show_country_name_dekstop":false,"show_country_flag_desktop":false,"logo_position_mobile":"center","show_social":true,"enable_language_selector":true,"enable_country_selector":true,"transparent_color_text":"#ffffff","color_text":"#ffffff","color_background":"#000000","padding_top":32,"padding_bottom":32,"full_width":true,"rounded":true}}},"order":["announcement-bar","header"]}